svd_0,svd_1,svd_2,svd_3,svd_4,svd_5,svd_6,svd_7,svd_8,svd_9,svd_10,svd_11,svd_12,svd_13,svd_14,svd_15,svd_16,svd_17,svd_18,svd_19,svd_20,svd_21,svd_22,svd_23,svd_24,svd_25,svd_26,svd_27,svd_28,svd_29,svd_30,svd_31,svd_32,svd_33,svd_34,svd_35,svd_36,svd_37,svd_38,svd_39,svd_40,svd_41,svd_42,svd_43,svd_44,svd_45,svd_46,svd_47,svd_48,svd_49,svd_50,svd_51,svd_52,svd_53,svd_54,svd_55,svd_56,svd_57,svd_58,svd_59,svd_60,svd_61,svd_62,svd_63,svd_64,svd_65,svd_66,svd_67,svd_68,svd_69,svd_70,svd_71,svd_72,svd_73,svd_74,svd_75,svd_76,svd_77,svd_78,svd_79,svd_80,svd_81,svd_82,svd_83,svd_84,svd_85,svd_86,svd_87,svd_88,svd_89,svd_90,svd_91,svd_92,svd_93,svd_94,svd_95,svd_96,svd_97,svd_98,svd_99,svd_100,svd_101,svd_102,svd_103,svd_104,svd_105,svd_106,svd_107,svd_108,svd_109,svd_110,svd_111,svd_112,svd_113,svd_114,svd_115,svd_116,svd_117,svd_118,svd_119,svd_120,svd_121,svd_122,svd_123,svd_124,svd_125,svd_126,svd_127,svd_128,svd_129,svd_130,svd_131,svd_132,svd_133,svd_134,svd_135,svd_136,svd_137,svd_138,svd_139,svd_140,svd_141,svd_142,svd_143,svd_144,svd_145,svd_146,svd_147,svd_148,svd_149,svd_150,svd_151,svd_152,svd_153,svd_154,svd_155,svd_156,svd_157,svd_158,svd_159,svd_160,svd_161,svd_162,svd_163,svd_164,svd_165,svd_166,svd_167,svd_168,svd_169,svd_170,svd_171,svd_172,svd_173,svd_174,svd_175,svd_176,svd_177,svd_178,svd_179,svd_180,svd_181,svd_182,svd_183,svd_184,svd_185,svd_186,svd_187,svd_188,svd_189,svd_190,svd_191,svd_192,svd_193,svd_194,svd_195,svd_196,svd_197,svd_198,svd_199,prediction,proba_phishing,target
0.006552735592043007,0.00021785416714175602,-0.0005908729731041184,-0.0004941753484428977,-0.005012911174966796,0.0007934272456871209,-0.0010104775956098259,-0.002515922812389669,-0.00518109951097993,0.0027344910743566245,-0.005305843464965463,-0.0030875786311421564,0.003540130064255804,0.002235247857033158,0.006557913155456661,-0.011783286515962391,0.010971081614199664,-0.002790769653888187,0.01260466625277016,0.012544108312598428,-0.013060967027266765,0.0052705980592128165,-0.0025046493071622716,-0.0038831732386619923,0.002664274865153189,-0.007716686466626606,0.00046051328442043866,-0.0006295733730966118,0.0017698718330101358,-0.004241740646355149,-0.0022815646195365313,-0.003318538076558736,-0.0006349070095339076,-0.0015179352765590211,-0.003317851188556729,0.00038066363232099596,0.0018164182274437264,0.0008653902621210489,0.004783486667036599,0.0017528329106803828,0.003865806775332598,0.0014200784986243115,0.001768118470226238,0.0004774667615803611,-0.001325561093072988,0.0016550861523334627,0.0001102877814043036,-0.000393715525569716,0.0013374381389936916,-0.0007201630734048028,-0.003760560422710657,0.0004613488268346876,0.005664089522305844,-0.0003347342204520103,0.0024260191564783344,-0.0019625550405788115,-0.0019397552848382483,0.0011717217555110113,-0.001385132529478869,-0.0019765825311677107,-0.0006613723696056277,-0.0015373322937632624,0.0037796458305043076,0.0001856206129618892,-0.0026948259797004224,-7.086961611674247e-05,0.002759731431386615,-0.006144377216219927,0.0017852270793010615,0.00644792548500242,0.0049208487426617015,0.0070671211782260875,-0.00734641771516361,-0.003001168487857559,0.0046922566576628666,-0.000679275625344508,0.00422763444800541,-0.003842119802467044,0.002329771167931034,0.006825080155973191,0.004270706553885144,0.003831353698021043,-0.0001665474305525762,0.0032417839723073126,0.0019297246749636855,-0.00031396694453190814,-0.0010877064323074818,0.0060333012899608275,0.0021238815695635606,0.006083166391585336,0.00284252007140966,0.0012616814128618876,0.0018302336759995058,0.005225365263819157,-0.0026932370156600204,-0.0043388442477149125,0.001204641550411275,-0.002427499627647985,0.0035467661055109917,0.0036907760659891905,-0.00038237647236166213,-0.006159420917156603,0.00038692115186192763,0.0025732784332821368,-0.0010109590199003312,0.009307485008430616,-0.006377887018832882,0.004029136721558497,0.001633334649969387,0.0015643956231639524,-0.001877593822580115,0.0019515237917463728,-0.0030688061024942443,-0.00043472828505261053,0.003935386784866074,-0.0021319511482548615,-0.006251146485681996,-0.005175903177203018,-5.191432308229141e-05,-0.0023698114759527866,-0.00582350713967157,0.003193098849093932,0.0035595862087103008,-0.004020255652981291,-0.0014809469192128384,0.010286442708823215,-0.000949369541982421,0.008125220012023563,-0.006277888045234281,-0.0038019438066849215,0.0032975262902667467,-0.007413360152183061,-0.004539078979743927,-0.006121026091611385,-0.005170413274114615,-0.0047159709868556925,-0.002125003772074075,0.004012026949966857,0.00017650596743399357,0.004107220292848361,0.002440257169856186,0.003479744026916365,0.007083590699527952,0.005527071945878824,-0.007186799994169546,-0.0019921436303686336,-0.008627974186281098,-0.009268951174242132,-0.003824250751636886,-0.0008523642742629032,-0.007961965375050147,-0.005059371431790134,0.0014420774704085124,-0.004774637680904441,0.004077811057915632,0.00992039928120032,0.004713001048477189,-0.008824046505673927,-0.011221175270372521,-0.0028865229260556704,-0.0053999332450906734,0.005119331350689909,0.009150572450558978,0.001490310365010345,-0.0067283420367775,-0.004104979670819341,-0.00715111347140208,-0.009569239249232907,0.009822710591947703,0.00938010057469613,0.007940250549547103,-0.0038465621033470553,-0.004753468349198602,0.017013348904310013,0.0004036560610991811,0.004330149207762295,0.0004878236471612617,0.002308235485359122,-0.006509228245645225,-0.014573085903149468,0.0010580168383947743,-0.001021994769660997,0.0110931675077147,-0.0055624325561271885,0.007801284408076503,0.00910799645675052,-0.0041715334605731316,0.00794453634614802,0.008679113816760856,0.013331928053179854,-0.0031399345132380363,0.00331976918157638,0.008700771384519888,-0.011082230925704387,-0.0024102641318010324,0.0018731269490023157,-0.0034838611075003333,0.004868076578533238,-0.009480423501890179,-0.004783317989943794,1,0.5975185008510255,1
0.006552735592043007,0.00021785416714175602,-0.0005908729731041184,-0.0004941753484428977,-0.005012911174966796,0.0007934272456871209,-0.0010104775956098259,-0.002515922812389669,-0.00518109951097993,0.0027344910743566245,-0.005305843464965463,-0.0030875786311421564,0.003540130064255804,0.002235247857033158,0.006557913155456661,-0.011783286515962391,0.010971081614199664,-0.002790769653888187,0.01260466625277016,0.012544108312598428,-0.013060967027266765,0.0052705980592128165,-0.0025046493071622716,-0.0038831732386619923,0.002664274865153189,-0.007716686466626606,0.00046051328442043866,-0.0006295733730966118,0.0017698718330101358,-0.004241740646355149,-0.0022815646195365313,-0.003318538076558736,-0.0006349070095339076,-0.0015179352765590211,-0.003317851188556729,0.00038066363232099596,0.0018164182274437264,0.0008653902621210489,0.004783486667036599,0.0017528329106803828,0.003865806775332598,0.0014200784986243115,0.001768118470226238,0.0004774667615803611,-0.001325561093072988,0.0016550861523334627,0.0001102877814043036,-0.000393715525569716,0.0013374381389936916,-0.0007201630734048028,-0.003760560422710657,0.0004613488268346876,0.005664089522305844,-0.0003347342204520103,0.0024260191564783344,-0.0019625550405788115,-0.0019397552848382483,0.0011717217555110113,-0.001385132529478869,-0.0019765825311677107,-0.0006613723696056277,-0.0015373322937632624,0.0037796458305043076,0.0001856206129618892,-0.0026948259797004224,-7.086961611674247e-05,0.002759731431386615,-0.006144377216219927,0.0017852270793010615,0.00644792548500242,0.0049208487426617015,0.0070671211782260875,-0.00734641771516361,-0.003001168487857559,0.0046922566576628666,-0.000679275625344508,0.00422763444800541,-0.003842119802467044,0.002329771167931034,0.006825080155973191,0.004270706553885144,0.003831353698021043,-0.0001665474305525762,0.0032417839723073126,0.0019297246749636855,-0.00031396694453190814,-0.0010877064323074818,0.0060333012899608275,0.0021238815695635606,0.006083166391585336,0.00284252007140966,0.0012616814128618876,0.0018302336759995058,0.005225365263819157,-0.0026932370156600204,-0.0043388442477149125,0.001204641550411275,-0.002427499627647985,0.0035467661055109917,0.0036907760659891905,-0.00038237647236166213,-0.006159420917156603,0.00038692115186192763,0.0025732784332821368,-0.0010109590199003312,0.009307485008430616,-0.006377887018832882,0.004029136721558497,0.001633334649969387,0.0015643956231639524,-0.001877593822580115,0.0019515237917463728,-0.0030688061024942443,-0.00043472828505261053,0.003935386784866074,-0.0021319511482548615,-0.006251146485681996,-0.005175903177203018,-5.191432308229141e-05,-0.0023698114759527866,-0.00582350713967157,0.003193098849093932,0.0035595862087103008,-0.004020255652981291,-0.0014809469192128384,0.010286442708823215,-0.000949369541982421,0.008125220012023563,-0.006277888045234281,-0.0038019438066849215,0.0032975262902667467,-0.007413360152183061,-0.004539078979743927,-0.006121026091611385,-0.005170413274114615,-0.0047159709868556925,-0.002125003772074075,0.004012026949966857,0.00017650596743399357,0.004107220292848361,0.002440257169856186,0.003479744026916365,0.007083590699527952,0.005527071945878824,-0.007186799994169546,-0.0019921436303686336,-0.008627974186281098,-0.009268951174242132,-0.003824250751636886,-0.0008523642742629032,-0.007961965375050147,-0.005059371431790134,0.0014420774704085124,-0.004774637680904441,0.004077811057915632,0.00992039928120032,0.004713001048477189,-0.008824046505673927,-0.011221175270372521,-0.0028865229260556704,-0.0053999332450906734,0.005119331350689909,0.009150572450558978,0.001490310365010345,-0.0067283420367775,-0.004104979670819341,-0.00715111347140208,-0.009569239249232907,0.009822710591947703,0.00938010057469613,0.007940250549547103,-0.0038465621033470553,-0.004753468349198602,0.017013348904310013,0.0004036560610991811,0.004330149207762295,0.0004878236471612617,0.002308235485359122,-0.006509228245645225,-0.014573085903149468,0.0010580168383947743,-0.001021994769660997,0.0110931675077147,-0.0055624325561271885,0.007801284408076503,0.00910799645675052,-0.0041715334605731316,0.00794453634614802,0.008679113816760856,0.013331928053179854,-0.0031399345132380363,0.00331976918157638,0.008700771384519888,-0.011082230925704387,-0.0024102641318010324,0.0018731269490023157,-0.0034838611075003333,0.004868076578533238,-0.009480423501890179,-0.004783317989943794,1,0.5975185008510255,1
0.006552735592043007,0.00021785416714175602,-0.0005908729731041184,-0.0004941753484428977,-0.005012911174966796,0.0007934272456871209,-0.0010104775956098259,-0.002515922812389669,-0.00518109951097993,0.0027344910743566245,-0.005305843464965463,-0.0030875786311421564,0.003540130064255804,0.002235247857033158,0.006557913155456661,-0.011783286515962391,0.010971081614199664,-0.002790769653888187,0.01260466625277016,0.012544108312598428,-0.013060967027266765,0.0052705980592128165,-0.0025046493071622716,-0.0038831732386619923,0.002664274865153189,-0.007716686466626606,0.00046051328442043866,-0.0006295733730966118,0.0017698718330101358,-0.004241740646355149,-0.0022815646195365313,-0.003318538076558736,-0.0006349070095339076,-0.0015179352765590211,-0.003317851188556729,0.00038066363232099596,0.0018164182274437264,0.0008653902621210489,0.004783486667036599,0.0017528329106803828,0.003865806775332598,0.0014200784986243115,0.001768118470226238,0.0004774667615803611,-0.001325561093072988,0.0016550861523334627,0.0001102877814043036,-0.000393715525569716,0.0013374381389936916,-0.0007201630734048028,-0.003760560422710657,0.0004613488268346876,0.005664089522305844,-0.0003347342204520103,0.0024260191564783344,-0.0019625550405788115,-0.0019397552848382483,0.0011717217555110113,-0.001385132529478869,-0.0019765825311677107,-0.0006613723696056277,-0.0015373322937632624,0.0037796458305043076,0.0001856206129618892,-0.0026948259797004224,-7.086961611674247e-05,0.002759731431386615,-0.006144377216219927,0.0017852270793010615,0.00644792548500242,0.0049208487426617015,0.0070671211782260875,-0.00734641771516361,-0.003001168487857559,0.0046922566576628666,-0.000679275625344508,0.00422763444800541,-0.003842119802467044,0.002329771167931034,0.006825080155973191,0.004270706553885144,0.003831353698021043,-0.0001665474305525762,0.0032417839723073126,0.0019297246749636855,-0.00031396694453190814,-0.0010877064323074818,0.0060333012899608275,0.0021238815695635606,0.006083166391585336,0.00284252007140966,0.0012616814128618876,0.0018302336759995058,0.005225365263819157,-0.0026932370156600204,-0.0043388442477149125,0.001204641550411275,-0.002427499627647985,0.0035467661055109917,0.0036907760659891905,-0.00038237647236166213,-0.006159420917156603,0.00038692115186192763,0.0025732784332821368,-0.0010109590199003312,0.009307485008430616,-0.006377887018832882,0.004029136721558497,0.001633334649969387,0.0015643956231639524,-0.001877593822580115,0.0019515237917463728,-0.0030688061024942443,-0.00043472828505261053,0.003935386784866074,-0.0021319511482548615,-0.006251146485681996,-0.005175903177203018,-5.191432308229141e-05,-0.0023698114759527866,-0.00582350713967157,0.003193098849093932,0.0035595862087103008,-0.004020255652981291,-0.0014809469192128384,0.010286442708823215,-0.000949369541982421,0.008125220012023563,-0.006277888045234281,-0.0038019438066849215,0.0032975262902667467,-0.007413360152183061,-0.004539078979743927,-0.006121026091611385,-0.005170413274114615,-0.0047159709868556925,-0.002125003772074075,0.004012026949966857,0.00017650596743399357,0.004107220292848361,0.002440257169856186,0.003479744026916365,0.007083590699527952,0.005527071945878824,-0.007186799994169546,-0.0019921436303686336,-0.008627974186281098,-0.009268951174242132,-0.003824250751636886,-0.0008523642742629032,-0.007961965375050147,-0.005059371431790134,0.0014420774704085124,-0.004774637680904441,0.004077811057915632,0.00992039928120032,0.004713001048477189,-0.008824046505673927,-0.011221175270372521,-0.0028865229260556704,-0.0053999332450906734,0.005119331350689909,0.009150572450558978,0.001490310365010345,-0.0067283420367775,-0.004104979670819341,-0.00715111347140208,-0.009569239249232907,0.009822710591947703,0.00938010057469613,0.007940250549547103,-0.0038465621033470553,-0.004753468349198602,0.017013348904310013,0.0004036560610991811,0.004330149207762295,0.0004878236471612617,0.002308235485359122,-0.006509228245645225,-0.014573085903149468,0.0010580168383947743,-0.001021994769660997,0.0110931675077147,-0.0055624325561271885,0.007801284408076503,0.00910799645675052,-0.0041715334605731316,0.00794453634614802,0.008679113816760856,0.013331928053179854,-0.0031399345132380363,0.00331976918157638,0.008700771384519888,-0.011082230925704387,-0.0024102641318010324,0.0018731269490023157,-0.0034838611075003333,0.004868076578533238,-0.009480423501890179,-0.004783317989943794,1,0.5975185008510255,1
0.006552735592043007,0.00021785416714175602,-0.0005908729731041184,-0.0004941753484428977,-0.005012911174966796,0.0007934272456871209,-0.0010104775956098259,-0.002515922812389669,-0.00518109951097993,0.0027344910743566245,-0.005305843464965463,-0.0030875786311421564,0.003540130064255804,0.002235247857033158,0.006557913155456661,-0.011783286515962391,0.010971081614199664,-0.002790769653888187,0.01260466625277016,0.012544108312598428,-0.013060967027266765,0.0052705980592128165,-0.0025046493071622716,-0.0038831732386619923,0.002664274865153189,-0.007716686466626606,0.00046051328442043866,-0.0006295733730966118,0.0017698718330101358,-0.004241740646355149,-0.0022815646195365313,-0.003318538076558736,-0.0006349070095339076,-0.0015179352765590211,-0.003317851188556729,0.00038066363232099596,0.0018164182274437264,0.0008653902621210489,0.004783486667036599,0.0017528329106803828,0.003865806775332598,0.0014200784986243115,0.001768118470226238,0.0004774667615803611,-0.001325561093072988,0.0016550861523334627,0.0001102877814043036,-0.000393715525569716,0.0013374381389936916,-0.0007201630734048028,-0.003760560422710657,0.0004613488268346876,0.005664089522305844,-0.0003347342204520103,0.0024260191564783344,-0.0019625550405788115,-0.0019397552848382483,0.0011717217555110113,-0.001385132529478869,-0.0019765825311677107,-0.0006613723696056277,-0.0015373322937632624,0.0037796458305043076,0.0001856206129618892,-0.0026948259797004224,-7.086961611674247e-05,0.002759731431386615,-0.006144377216219927,0.0017852270793010615,0.00644792548500242,0.0049208487426617015,0.0070671211782260875,-0.00734641771516361,-0.003001168487857559,0.0046922566576628666,-0.000679275625344508,0.00422763444800541,-0.003842119802467044,0.002329771167931034,0.006825080155973191,0.004270706553885144,0.003831353698021043,-0.0001665474305525762,0.0032417839723073126,0.0019297246749636855,-0.00031396694453190814,-0.0010877064323074818,0.0060333012899608275,0.0021238815695635606,0.006083166391585336,0.00284252007140966,0.0012616814128618876,0.0018302336759995058,0.005225365263819157,-0.0026932370156600204,-0.0043388442477149125,0.001204641550411275,-0.002427499627647985,0.0035467661055109917,0.0036907760659891905,-0.00038237647236166213,-0.006159420917156603,0.00038692115186192763,0.0025732784332821368,-0.0010109590199003312,0.009307485008430616,-0.006377887018832882,0.004029136721558497,0.001633334649969387,0.0015643956231639524,-0.001877593822580115,0.0019515237917463728,-0.0030688061024942443,-0.00043472828505261053,0.003935386784866074,-0.0021319511482548615,-0.006251146485681996,-0.005175903177203018,-5.191432308229141e-05,-0.0023698114759527866,-0.00582350713967157,0.003193098849093932,0.0035595862087103008,-0.004020255652981291,-0.0014809469192128384,0.010286442708823215,-0.000949369541982421,0.008125220012023563,-0.006277888045234281,-0.0038019438066849215,0.0032975262902667467,-0.007413360152183061,-0.004539078979743927,-0.006121026091611385,-0.005170413274114615,-0.0047159709868556925,-0.002125003772074075,0.004012026949966857,0.00017650596743399357,0.004107220292848361,0.002440257169856186,0.003479744026916365,0.007083590699527952,0.005527071945878824,-0.007186799994169546,-0.0019921436303686336,-0.008627974186281098,-0.009268951174242132,-0.003824250751636886,-0.0008523642742629032,-0.007961965375050147,-0.005059371431790134,0.0014420774704085124,-0.004774637680904441,0.004077811057915632,0.00992039928120032,0.004713001048477189,-0.008824046505673927,-0.011221175270372521,-0.0028865229260556704,-0.0053999332450906734,0.005119331350689909,0.009150572450558978,0.001490310365010345,-0.0067283420367775,-0.004104979670819341,-0.00715111347140208,-0.009569239249232907,0.009822710591947703,0.00938010057469613,0.007940250549547103,-0.0038465621033470553,-0.004753468349198602,0.017013348904310013,0.0004036560610991811,0.004330149207762295,0.0004878236471612617,0.002308235485359122,-0.006509228245645225,-0.014573085903149468,0.0010580168383947743,-0.001021994769660997,0.0110931675077147,-0.0055624325561271885,0.007801284408076503,0.00910799645675052,-0.0041715334605731316,0.00794453634614802,0.008679113816760856,0.013331928053179854,-0.0031399345132380363,0.00331976918157638,0.008700771384519888,-0.011082230925704387,-0.0024102641318010324,0.0018731269490023157,-0.0034838611075003333,0.004868076578533238,-0.009480423501890179,-0.004783317989943794,1,0.5975185008510255,1
0.006552735592043007,0.00021785416714175602,-0.0005908729731041184,-0.0004941753484428977,-0.005012911174966796,0.0007934272456871209,-0.0010104775956098259,-0.002515922812389669,-0.00518109951097993,0.0027344910743566245,-0.005305843464965463,-0.0030875786311421564,0.003540130064255804,0.002235247857033158,0.006557913155456661,-0.011783286515962391,0.010971081614199664,-0.002790769653888187,0.01260466625277016,0.012544108312598428,-0.013060967027266765,0.0052705980592128165,-0.0025046493071622716,-0.0038831732386619923,0.002664274865153189,-0.007716686466626606,0.00046051328442043866,-0.0006295733730966118,0.0017698718330101358,-0.004241740646355149,-0.0022815646195365313,-0.003318538076558736,-0.0006349070095339076,-0.0015179352765590211,-0.003317851188556729,0.00038066363232099596,0.0018164182274437264,0.0008653902621210489,0.004783486667036599,0.0017528329106803828,0.003865806775332598,0.0014200784986243115,0.001768118470226238,0.0004774667615803611,-0.001325561093072988,0.0016550861523334627,0.0001102877814043036,-0.000393715525569716,0.0013374381389936916,-0.0007201630734048028,-0.003760560422710657,0.0004613488268346876,0.005664089522305844,-0.0003347342204520103,0.0024260191564783344,-0.0019625550405788115,-0.0019397552848382483,0.0011717217555110113,-0.001385132529478869,-0.0019765825311677107,-0.0006613723696056277,-0.0015373322937632624,0.0037796458305043076,0.0001856206129618892,-0.0026948259797004224,-7.086961611674247e-05,0.002759731431386615,-0.006144377216219927,0.0017852270793010615,0.00644792548500242,0.0049208487426617015,0.0070671211782260875,-0.00734641771516361,-0.003001168487857559,0.0046922566576628666,-0.000679275625344508,0.00422763444800541,-0.003842119802467044,0.002329771167931034,0.006825080155973191,0.004270706553885144,0.003831353698021043,-0.0001665474305525762,0.0032417839723073126,0.0019297246749636855,-0.00031396694453190814,-0.0010877064323074818,0.0060333012899608275,0.0021238815695635606,0.006083166391585336,0.00284252007140966,0.0012616814128618876,0.0018302336759995058,0.005225365263819157,-0.0026932370156600204,-0.0043388442477149125,0.001204641550411275,-0.002427499627647985,0.0035467661055109917,0.0036907760659891905,-0.00038237647236166213,-0.006159420917156603,0.00038692115186192763,0.0025732784332821368,-0.0010109590199003312,0.009307485008430616,-0.006377887018832882,0.004029136721558497,0.001633334649969387,0.0015643956231639524,-0.001877593822580115,0.0019515237917463728,-0.0030688061024942443,-0.00043472828505261053,0.003935386784866074,-0.0021319511482548615,-0.006251146485681996,-0.005175903177203018,-5.191432308229141e-05,-0.0023698114759527866,-0.00582350713967157,0.003193098849093932,0.0035595862087103008,-0.004020255652981291,-0.0014809469192128384,0.010286442708823215,-0.000949369541982421,0.008125220012023563,-0.006277888045234281,-0.0038019438066849215,0.0032975262902667467,-0.007413360152183061,-0.004539078979743927,-0.006121026091611385,-0.005170413274114615,-0.0047159709868556925,-0.002125003772074075,0.004012026949966857,0.00017650596743399357,0.004107220292848361,0.002440257169856186,0.003479744026916365,0.007083590699527952,0.005527071945878824,-0.007186799994169546,-0.0019921436303686336,-0.008627974186281098,-0.009268951174242132,-0.003824250751636886,-0.0008523642742629032,-0.007961965375050147,-0.005059371431790134,0.0014420774704085124,-0.004774637680904441,0.004077811057915632,0.00992039928120032,0.004713001048477189,-0.008824046505673927,-0.011221175270372521,-0.0028865229260556704,-0.0053999332450906734,0.005119331350689909,0.009150572450558978,0.001490310365010345,-0.0067283420367775,-0.004104979670819341,-0.00715111347140208,-0.009569239249232907,0.009822710591947703,0.00938010057469613,0.007940250549547103,-0.0038465621033470553,-0.004753468349198602,0.017013348904310013,0.0004036560610991811,0.004330149207762295,0.0004878236471612617,0.002308235485359122,-0.006509228245645225,-0.014573085903149468,0.0010580168383947743,-0.001021994769660997,0.0110931675077147,-0.0055624325561271885,0.007801284408076503,0.00910799645675052,-0.0041715334605731316,0.00794453634614802,0.008679113816760856,0.013331928053179854,-0.0031399345132380363,0.00331976918157638,0.008700771384519888,-0.011082230925704387,-0.0024102641318010324,0.0018731269490023157,-0.0034838611075003333,0.004868076578533238,-0.009480423501890179,-0.004783317989943794,1,0.5975185008510255,1
0.01060325956559564,-0.00312406983621185,-0.006244301991202383,0.005308982745980478,-0.002245808643354284,0.0014389320741302262,-0.005178778658595753,3.306479626026098e-05,2.8402968101758132e-05,-0.001630617238003404,-0.001351375208599186,-0.0021827268504962132,0.00449673242855368,0.0007579901185270913,-0.0041667269076032624,0.005912398614394506,0.00036699328147485636,-0.007384095370907016,0.0014602726017840335,-0.007571661820050674,0.010188831207825788,0.009485947801511517,-0.0028516417980190673,0.0014144587829894905,9.123686964273133e-05,0.009272509153086955,-0.0017921627333729317,-0.010355145303626136,-0.0013150813602519258,0.0008083681675598688,-0.0053163892945916,0.0001314012139278919,-0.008492159723827851,0.0029449650325902377,-0.002946686307923371,0.0029459480321796234,0.00801933746235283,-0.008078122201843917,-0.015563020772305895,0.001314265796374402,0.010529823118172764,0.0010578383218615031,0.006638644708855661,-0.0009817973820071568,-0.0012930031437282702,-0.0020313108859719084,-0.003101527525005487,-0.005117497184583645,0.0016296783008206321,-0.0024016960253484218,-0.005087037875948613,-0.003259169124487998,-0.0004986505198826673,-0.0023993310268983913,-0.0008124288075714969,-0.006339266578562381,0.002035059777011864,0.0003864646041941227,0.00036699171623342164,0.0028282590607882608,0.005358396725377358,-0.01149163769473063,0.002980744115691672,0.002708820786354318,0.0010980688791619136,0.0008046543988718387,0.005272067175688951,0.004451139678510495,-0.0014127519165769375,0.01072639351755465,0.0013451412627290217,-0.011948373481469588,0.0037316109541995182,0.00180438183467021,0.0069658508942678785,0.004622262849416749,-0.0013070605563356291,0.004658298831934811,0.001500409166607485,0.002297477785377974,-0.0015741542641673852,0.008987534018939742,0.0006383998506184383,0.002440537963366229,0.0065431204877848,-0.007605373750004212,-0.002821601790272915,-0.001617001934179582,-0.004099254075974366,-0.0015343211993258804,-0.005864305087117707,-0.0007861579080804832,-0.0016920340240422988,-0.006408482519868006,0.002659545434538091,0.0031156996466096534,0.006152705636585525,0.0002335430919850422,0.0009994737997707523,-0.0003779023307416225,-0.001752987560750512,-0.0032189602298923884,0.008070138699986972,0.0040598921714597004,0.003275625117546898,0.004012601541614331,0.003564993087222703,-0.0074232533725965815,-0.0013787293694459673,0.0052267448744879146,-0.005587717104453042,0.0030574879300301503,-0.0013713529249884397,-0.0007298259707103179,-0.007722991547939161,0.00869791002729457,-0.008438274347652108,-0.0037642121358063534,-0.00659114095944299,0.0054950557039417204,-0.007630288492403074,0.002060460199825851,0.006734130651480003,0.007649289336004212,-0.004533744956047393,0.0035617152147442007,-0.00034444635426729393,0.0005394253075055521,-0.010958694066364011,-0.00164655486335111,0.0022246027162911935,0.0034714382905829703,-0.006121067727353846,-0.009420876182443309,-0.014026796465370379,0.007774043430883539,0.010056701037909342,-0.000560022565144576,0.00505273294327014,-0.00312411155869959,0.014151750190782856,0.0015370640761303241,0.007652585809414782,-0.0077035066637923776,0.0008792955940244659,0.007164012714433324,0.001434235722150439,-0.0026171010223464226,0.002369285462396926,0.001565792726116817,-0.009312831578622286,0.007128885996413152,-0.008097618624765138,0.003990739417147875,0.00879684821324028,0.014892878925986876,0.008621154833943894,0.003943174272202499,-0.005336378002046829,0.010554605840887571,0.0060633431590549035,-0.00017600290498430914,-0.004584005993500223,-0.008281404065865814,-0.013635273678884095,0.012264492943194745,0.0018749291848028228,0.009148082247619531,-0.01157847623303701,0.0014366388492231983,-0.01161004915515311,-0.006078084174296417,-0.021737616893285298,0.002419154233618324,-0.0018152784383861026,0.00408479112397761,-0.008210498616257911,-0.010666728760574373,-0.004953152856483036,-0.018198967014682283,0.006009974428159767,0.012163067052523287,-0.003327710470071182,0.008950779971026526,-0.001182953493190478,-0.0010323603932260777,-0.0013534727305794963,0.004816396524264022,-4.081036770266374e-05,-0.010765836214063977,0.021211703996412482,-0.009573417327513902,-0.00031382101445699196,-0.013553327453317955,0.016566029867229794,0.005434160310472671,0.008582067592753135,-0.0020061350030787903,0.004577559166436701,0.004194839190490393,1,0.5006957881993559,0
0.0,0.0,0.0,0.0,0.0,0.0,0.0,0.0,0.0,0.0,0.0,0.0,0.0,0.0,0.0,0.0,0.0,0.0,0.0,0.0,0.0,0.0,0.0,0.0,0.0,0.0,0.0,0.0,0.0,0.0,0.0,0.0,0.0,0.0,0.0,0.0,0.0,0.0,0.0,0.0,0.0,0.0,0.0,0.0,0.0,0.0,0.0,0.0,0.0,0.0,0.0,0.0,0.0,0.0,0.0,0.0,0.0,0.0,0.0,0.0,0.0,0.0,0.0,0.0,0.0,0.0,0.0,0.0,0.0,0.0,0.0,0.0,0.0,0.0,0.0,0.0,0.0,0.0,0.0,0.0,0.0,0.0,0.0,0.0,0.0,0.0,0.0,0.0,0.0,0.0,0.0,0.0,0.0,0.0,0.0,0.0,0.0,0.0,0.0,0.0,0.0,0.0,0.0,0.0,0.0,0.0,0.0,0.0,0.0,0.0,0.0,0.0,0.0,0.0,0.0,0.0,0.0,0.0,0.0,0.0,0.0,0.0,0.0,0.0,0.0,0.0,0.0,0.0,0.0,0.0,0.0,0.0,0.0,0.0,0.0,0.0,0.0,0.0,0.0,0.0,0.0,0.0,0.0,0.0,0.0,0.0,0.0,0.0,0.0,0.0,0.0,0.0,0.0,0.0,0.0,0.0,0.0,0.0,0.0,0.0,0.0,0.0,0.0,0.0,0.0,0.0,0.0,0.0,0.0,0.0,0.0,0.0,0.0,0.0,0.0,0.0,0.0,0.0,0.0,0.0,0.0,0.0,0.0,0.0,0.0,0.0,0.0,0.0,0.0,0.0,0.0,0.0,0.0,0.0,0.0,0.0,0.0,0.0,0.0,0.0,1,0.5441432347480268,0
0.01060325956559564,-0.00312406983621185,-0.006244301991202383,0.005308982745980478,-0.002245808643354284,0.0014389320741302262,-0.005178778658595753,3.306479626026098e-05,2.8402968101758132e-05,-0.001630617238003404,-0.001351375208599186,-0.0021827268504962132,0.00449673242855368,0.0007579901185270913,-0.0041667269076032624,0.005912398614394506,0.00036699328147485636,-0.007384095370907016,0.0014602726017840335,-0.007571661820050674,0.010188831207825788,0.009485947801511517,-0.0028516417980190673,0.0014144587829894905,9.123686964273133e-05,0.009272509153086955,-0.0017921627333729317,-0.010355145303626136,-0.0013150813602519258,0.0008083681675598688,-0.0053163892945916,0.0001314012139278919,-0.008492159723827851,0.0029449650325902377,-0.002946686307923371,0.0029459480321796234,0.00801933746235283,-0.008078122201843917,-0.015563020772305895,0.001314265796374402,0.010529823118172764,0.0010578383218615031,0.006638644708855661,-0.0009817973820071568,-0.0012930031437282702,-0.0020313108859719084,-0.003101527525005487,-0.005117497184583645,0.0016296783008206321,-0.0024016960253484218,-0.005087037875948613,-0.003259169124487998,-0.0004986505198826673,-0.0023993310268983913,-0.0008124288075714969,-0.006339266578562381,0.002035059777011864,0.0003864646041941227,0.00036699171623342164,0.0028282590607882608,0.005358396725377358,-0.01149163769473063,0.002980744115691672,0.002708820786354318,0.0010980688791619136,0.0008046543988718387,0.005272067175688951,0.004451139678510495,-0.0014127519165769375,0.01072639351755465,0.0013451412627290217,-0.011948373481469588,0.0037316109541995182,0.00180438183467021,0.0069658508942678785,0.004622262849416749,-0.0013070605563356291,0.004658298831934811,0.001500409166607485,0.002297477785377974,-0.0015741542641673852,0.008987534018939742,0.0006383998506184383,0.002440537963366229,0.0065431204877848,-0.007605373750004212,-0.002821601790272915,-0.001617001934179582,-0.004099254075974366,-0.0015343211993258804,-0.005864305087117707,-0.0007861579080804832,-0.0016920340240422988,-0.006408482519868006,0.002659545434538091,0.0031156996466096534,0.006152705636585525,0.0002335430919850422,0.0009994737997707523,-0.0003779023307416225,-0.001752987560750512,-0.0032189602298923884,0.008070138699986972,0.0040598921714597004,0.003275625117546898,0.004012601541614331,0.003564993087222703,-0.0074232533725965815,-0.0013787293694459673,0.0052267448744879146,-0.005587717104453042,0.0030574879300301503,-0.0013713529249884397,-0.0007298259707103179,-0.007722991547939161,0.00869791002729457,-0.008438274347652108,-0.0037642121358063534,-0.00659114095944299,0.0054950557039417204,-0.007630288492403074,0.002060460199825851,0.006734130651480003,0.007649289336004212,-0.004533744956047393,0.0035617152147442007,-0.00034444635426729393,0.0005394253075055521,-0.010958694066364011,-0.00164655486335111,0.0022246027162911935,0.0034714382905829703,-0.006121067727353846,-0.009420876182443309,-0.014026796465370379,0.007774043430883539,0.010056701037909342,-0.000560022565144576,0.00505273294327014,-0.00312411155869959,0.014151750190782856,0.0015370640761303241,0.007652585809414782,-0.0077035066637923776,0.0008792955940244659,0.007164012714433324,0.001434235722150439,-0.0026171010223464226,0.002369285462396926,0.001565792726116817,-0.009312831578622286,0.007128885996413152,-0.008097618624765138,0.003990739417147875,0.00879684821324028,0.014892878925986876,0.008621154833943894,0.003943174272202499,-0.005336378002046829,0.010554605840887571,0.0060633431590549035,-0.00017600290498430914,-0.004584005993500223,-0.008281404065865814,-0.013635273678884095,0.012264492943194745,0.0018749291848028228,0.009148082247619531,-0.01157847623303701,0.0014366388492231983,-0.01161004915515311,-0.006078084174296417,-0.021737616893285298,0.002419154233618324,-0.0018152784383861026,0.00408479112397761,-0.008210498616257911,-0.010666728760574373,-0.004953152856483036,-0.018198967014682283,0.006009974428159767,0.012163067052523287,-0.003327710470071182,0.008950779971026526,-0.001182953493190478,-0.0010323603932260777,-0.0013534727305794963,0.004816396524264022,-4.081036770266374e-05,-0.010765836214063977,0.021211703996412482,-0.009573417327513902,-0.00031382101445699196,-0.013553327453317955,0.016566029867229794,0.005434160310472671,0.008582067592753135,-0.0020061350030787903,0.004577559166436701,0.004194839190490393,1,0.5006957881993559,0
0.05713395206539191,-0.00525835149941463,-0.04653738295947732,0.00895707559483202,-0.0282518139327465,0.004473658452954183,-0.03023115992442037,-0.001420987775507468,-0.036686175150997535,-0.02940340070330329,-0.017393586714118975,0.03680675064196566,-0.05011985397701616,0.010920683772045107,0.017763446237944354,-0.03533505017858645,0.014776798983123665,0.03510387090197254,-0.06025795869517324,-0.008817374666533262,0.008736413308437177,-0.022628725341768942,0.0387452363180602,-0.0039836727067893585,0.009009843852753788,-0.019362943503817683,0.016963592741798175,-0.04894617750995264,0.03183386600590477,-0.015016999039663742,-0.025187671755917705,0.018756283394426792,0.026932819377094155,0.008053175567579916,-0.013621130699721073,-0.03199422470185818,0.039653612106158795,0.0049318938372500155,0.0163133063720423,0.05111667677432566,-0.016703563398949486,-0.003159243241236763,0.04232632679831889,0.013253584979018051,0.012488577400692931,-0.020720733465360474,-0.04987882649879083,-0.05365935647251059,-0.016096218217754293,-0.0038070157439631645,-0.0047908048550226465,-0.056935955474734304,-0.05888634331002248,-0.0623099988135928,-0.05021504543179571,-0.020368106511282638,-0.042336974313539055,0.008134201213493942,-0.0015867571911448346,0.032459324459135845,0.008693299407219045,-0.021319857509340845,-0.03058551966602542,-0.01897610729083579,-0.02895055869418251,-0.02798109742936305,0.01024275741360825,0.03209273509099231,-0.03245688212221828,0.019440830341264335,0.02390533241519854,-0.06121025015196557,-0.04249154345754322,0.012869954966502851,-0.004567671466017079,-0.002047158702939746,0.052111112504936545,0.031061270071528167,0.038214839515405635,0.021856416080309162,0.004985304529543254,-0.02328171032314961,0.014024796950069997,0.015432479928662235,-0.02086449763491139,0.017256723660985566,0.020238084956836724,-0.0032379350212848245,-0.03043120372315878,-0.01112836380807037,0.009790954609303938,-0.038064738026374854,-0.003590046411221546,-0.06172058646714754,-0.01132786489320901,-0.01675508877998375,-0.0024253975542042174,0.020467450418276915,0.003999841031382324,-0.020615498592938823,0.042214275717240984,0.0007582601888163499,0.05193629502383641,0.012988360972228077,-0.01162316102282318,-0.002500747341359341,0.005264916845692861,0.004019138837660916,0.007355638974618523,0.05168382051000427,-0.029011983623529476,0.023954375333155083,0.0046028219871598565,-0.0024411069696884664,-0.006501381362766055,0.055116539917427064,0.0073278485786078046,-0.002687725759762403,-0.02348736281732308,0.029341687688773557,-0.024161777723416628,0.008704113445093711,0.0007636760447747217,0.049153203623503006,-0.011898956479100314,-0.0028489375068369337,-0.02258496025880583,-0.014923817081450888,-0.03553140890874801,0.007498978028737109,0.010441505545889247,-0.012175369559688702,0.004697471286596696,-0.02816335754886308,-0.0043684239914172016,0.006300418329903884,-0.010200200974390826,0.007068002384315954,0.020707049872308203,-0.004433374316817576,0.0058665858939172385,-0.007139166054585054,-0.002397905015950467,-0.010823017051402185,0.02552523108825785,0.018957392262983836,-0.0015672622435445804,0.026493361107096727,0.0007988049233983649,0.004671226474876063,-0.01719912562893699,0.03734728477092641,-0.008408730063108548,0.02409373331057762,-0.005951553772241466,0.0014313717555258648,-0.005394456856746236,-0.02394221202528302,-0.019344349383525528,0.0031247151705859353,0.005511627299802603,-0.0006445092414035597,0.010904960683471698,-0.007755596689875029,0.0036933268249451784,0.0032846327240136338,0.024719515835617118,0.009966095564320331,-0.00690479374231515,-0.007192247285694656,0.010060555551196065,-0.013080685765306584,-0.018405531091723232,0.01603008455555298,0.00457844395779492,-0.016270298269608498,-0.014391889261570878,-0.005728223493308532,-0.022231098634659167,-0.006970041201197406,0.010842474579526945,0.013127982737992382,0.015286355996726548,-0.0007965910827808665,-0.01039357379930906,-0.005473994360615663,-0.01266552679192654,-0.008632067447935373,-4.0541356890567944e-05,-0.011632541315494106,0.014061531685020265,-0.006627850313268423,0.011299268335059991,-0.014734748133013339,-0.005992637274422213,-0.0011852881060575478,0.01059470140589664,-0.00971959174190229,0.002170658334702055,0.022714636146856204,1,0.8460813713103817,0
0.055649659161632746,-0.0030821344812332176,-0.03974422229001851,0.002479548424070104,-0.029756041328028154,0.0039670431793099835,-0.024225391717168674,0.0031669339242679033,-0.021944817452512297,-0.030586707641448465,-0.005617824622320105,0.02738961137822962,-0.039871464046500174,0.002015348435891687,0.011977570842867526,-0.023565852950197416,0.008134729569520304,0.028920804179911323,-0.05241357871938886,-0.007251781952007045,0.0016894933741065342,-0.015286329223839594,0.02174785476618132,-0.0036472032788658383,0.010465909764826578,-0.014789166365651835,0.030695787700641394,-0.06114094903233036,0.015051506070518885,-0.023590322550395438,-0.020934015658562868,0.011826935594252986,0.0007470825982871148,-0.022355146392844392,0.011873179613709647,-0.03069975476770111,0.027488107093586324,-0.015349285815221526,0.026302491665845446,0.018569340233248674,-0.007764841705168463,0.005857551332211172,0.03594988974992599,0.007545114915556117,-0.00072305871676366,-0.027160509391679275,-0.026388110110126768,-0.05462501287978941,-0.022577705260721392,-0.00915014479416648,0.004369857324474111,-0.026886001247105037,-0.03832144179702045,-0.05909543117489873,-0.027815848031599706,-0.011318741409681369,-0.03363475261093787,0.014642335902458814,0.005639855646315437,0.014094898432976309,0.010239432538654291,-0.021038420645295958,-0.027376419574042892,-0.02607901947875372,-0.02147725075413235,-0.02756744422189257,-0.0012573306846917157,0.02775806423476122,-0.028335701608281572,0.01659502849744486,0.02696244887016563,-0.049390348650536764,-0.026354994781622298,0.021007179441583618,0.006826625761711655,-0.01033054474566303,0.029443305090161277,0.003352886453758464,0.03544565247695696,0.005674219288078674,-0.002234509819544316,-0.012482864535120665,0.006895533925389836,-0.0037468931428888278,0.00411757106273591,0.017203142532258804,-0.007220741375354455,0.0038751226824868075,-0.049765330785476736,-0.0027216696950076178,0.016478923348665193,-0.02818946732790138,0.00582899811161656,-0.032674870413084624,-0.01120822449689134,-0.0205792679956066,0.008581068049226995,0.02955425977103488,0.007560753467685138,0.00030299095678049034,0.04927616242718153,-0.004562818039604317,0.022222812795590303,-0.022489238110363928,-0.029738303587060953,0.018133249251182534,0.0015443657938847217,0.008655239781893294,0.03664927098390375,0.05446550438748271,6.606154960293138e-05,0.028361227558447704,-0.028533859632258914,-0.0002653110138389575,-0.0008658061241884124,0.05569228339756869,0.03788979686590519,-0.02179046821011574,0.000261738222397531,-0.0034597107978235277,-0.03592890028040006,0.027348249974353395,0.010269515453439371,0.01970663937976548,-0.0076040308710468105,0.003407517246622993,-0.028489075765377684,-0.005148058484340654,-0.04803159121421506,-0.0009701693320623003,0.04336119163809786,-0.012385836622183547,-0.025725621045305822,-0.04023696334583011,0.0049573458882897145,0.00888986900293463,-0.0005080274930851477,0.017649408096829158,0.006975759051785229,-0.013501455886455993,-0.0012685585528360473,0.038831254412824874,-0.05000295811334952,-0.020293402557938732,0.04688581792036676,0.00814241308646775,-0.030884211849025806,0.013914683938662782,-0.012463445841737506,-0.004863466503448139,0.0045618950280626,0.04772323142433146,0.009682344312586508,0.052953441953836326,-0.021479390042896167,-0.0300783647886991,0.0414391451782618,-0.03196503458937515,-0.039366151107829046,-0.012463454473397018,0.008953918924358545,0.045848545312668756,-0.005246851096681645,0.003949105098975516,-0.011120995396705817,-0.0018522506890017703,-0.024420574757302596,0.05984803804235657,-0.030085646120257735,0.03477975757138617,0.01903945827765289,0.012424859641973908,-0.02355067847598541,0.027790463510640274,-0.015329773991404042,0.003143683650631707,-0.034564203072666,0.004040620481566577,0.0112248945241934,0.03385583595412566,-0.031566413187534004,0.017121303881982616,0.03085605850381929,0.06239461740540461,0.0009770009139185066,-0.010704338830178682,0.016524227172627623,-0.04415518902741993,-0.010914458303244825,-0.033863219402082465,-0.012138402511312802,-0.03373087235591121,-0.016283641658315584,0.0019727669640797196,0.013781101358654058,-0.02958319745846305,-0.031204253203845123,-0.01430149237333009,0.022215285202871447,0.05224447358856864,1,0.8191145657041292,0
0.05713395206539191,-0.00525835149941463,-0.04653738295947732,0.00895707559483202,-0.0282518139327465,0.004473658452954183,-0.03023115992442037,-0.001420987775507468,-0.036686175150997535,-0.02940340070330329,-0.017393586714118975,0.03680675064196566,-0.05011985397701616,0.010920683772045107,0.017763446237944354,-0.03533505017858645,0.014776798983123665,0.03510387090197254,-0.06025795869517324,-0.008817374666533262,0.008736413308437177,-0.022628725341768942,0.0387452363180602,-0.0039836727067893585,0.009009843852753788,-0.019362943503817683,0.016963592741798175,-0.04894617750995264,0.03183386600590477,-0.015016999039663742,-0.025187671755917705,0.018756283394426792,0.026932819377094155,0.008053175567579916,-0.013621130699721073,-0.03199422470185818,0.039653612106158795,0.0049318938372500155,0.0163133063720423,0.05111667677432566,-0.016703563398949486,-0.003159243241236763,0.04232632679831889,0.013253584979018051,0.012488577400692931,-0.020720733465360474,-0.04987882649879083,-0.05365935647251059,-0.016096218217754293,-0.0038070157439631645,-0.0047908048550226465,-0.056935955474734304,-0.05888634331002248,-0.0623099988135928,-0.05021504543179571,-0.020368106511282638,-0.042336974313539055,0.008134201213493942,-0.0015867571911448346,0.032459324459135845,0.008693299407219045,-0.021319857509340845,-0.03058551966602542,-0.01897610729083579,-0.02895055869418251,-0.02798109742936305,0.01024275741360825,0.03209273509099231,-0.03245688212221828,0.019440830341264335,0.02390533241519854,-0.06121025015196557,-0.04249154345754322,0.012869954966502851,-0.004567671466017079,-0.002047158702939746,0.052111112504936545,0.031061270071528167,0.038214839515405635,0.021856416080309162,0.004985304529543254,-0.02328171032314961,0.014024796950069997,0.015432479928662235,-0.02086449763491139,0.017256723660985566,0.020238084956836724,-0.0032379350212848245,-0.03043120372315878,-0.01112836380807037,0.009790954609303938,-0.038064738026374854,-0.003590046411221546,-0.06172058646714754,-0.01132786489320901,-0.01675508877998375,-0.0024253975542042174,0.020467450418276915,0.003999841031382324,-0.020615498592938823,0.042214275717240984,0.0007582601888163499,0.05193629502383641,0.012988360972228077,-0.01162316102282318,-0.002500747341359341,0.005264916845692861,0.004019138837660916,0.007355638974618523,0.05168382051000427,-0.029011983623529476,0.023954375333155083,0.0046028219871598565,-0.0024411069696884664,-0.006501381362766055,0.055116539917427064,0.0073278485786078046,-0.002687725759762403,-0.02348736281732308,0.029341687688773557,-0.024161777723416628,0.008704113445093711,0.0007636760447747217,0.049153203623503006,-0.011898956479100314,-0.0028489375068369337,-0.02258496025880583,-0.014923817081450888,-0.03553140890874801,0.007498978028737109,0.010441505545889247,-0.012175369559688702,0.004697471286596696,-0.02816335754886308,-0.0043684239914172016,0.006300418329903884,-0.010200200974390826,0.007068002384315954,0.020707049872308203,-0.004433374316817576,0.0058665858939172385,-0.007139166054585054,-0.002397905015950467,-0.010823017051402185,0.02552523108825785,0.018957392262983836,-0.0015672622435445804,0.026493361107096727,0.0007988049233983649,0.004671226474876063,-0.01719912562893699,0.03734728477092641,-0.008408730063108548,0.02409373331057762,-0.005951553772241466,0.0014313717555258648,-0.005394456856746236,-0.02394221202528302,-0.019344349383525528,0.0031247151705859353,0.005511627299802603,-0.0006445092414035597,0.010904960683471698,-0.007755596689875029,0.0036933268249451784,0.0032846327240136338,0.024719515835617118,0.009966095564320331,-0.00690479374231515,-0.007192247285694656,0.010060555551196065,-0.013080685765306584,-0.018405531091723232,0.01603008455555298,0.00457844395779492,-0.016270298269608498,-0.014391889261570878,-0.005728223493308532,-0.022231098634659167,-0.006970041201197406,0.010842474579526945,0.013127982737992382,0.015286355996726548,-0.0007965910827808665,-0.01039357379930906,-0.005473994360615663,-0.01266552679192654,-0.008632067447935373,-4.0541356890567944e-05,-0.011632541315494106,0.014061531685020265,-0.006627850313268423,0.011299268335059991,-0.014734748133013339,-0.005992637274422213,-0.0011852881060575478,0.01059470140589664,-0.00971959174190229,0.002170658334702055,0.022714636146856204,1,0.8460813713103817,0
0.061567008391322786,0.00794715180985059,-0.02360281378522045,-0.06272887918031426,-0.018806964237638092,-0.018882674233654077,-0.015703846845092368,-0.008004377818288042,-0.0643359918424115,-0.006691033293290323,-0.05969896638918604,0.023722721365673712,-0.041237478098991066,0.00014825070854030753,0.025307925783025997,-0.07498575385713595,0.041554332900918235,0.03376379807147401,0.008776350650117441,0.02036134046249019,-0.04965126144572299,0.0008015928838347933,0.0012345510479389067,-0.03193596631909821,0.008182725807945759,-0.09082373838735652,-0.07106375654009975,0.04497152654556406,-0.017872300238706784,-0.01466312513285146,-0.0225402005260077,0.0332443216651453,-0.06988319009912979,-0.005503012502438442,0.018459877771319837,0.023846979665592054,0.026979474990544663,-0.04074806142369262,0.048280388751935126,0.041515791739492505,0.02605316585343144,0.0229750983808816,0.007813827867992135,-0.0039372429208016525,0.008426969054051093,-0.0026850750320407697,-0.011724279053227055,-0.00024219240452989202,0.00713246432791851,-0.0012617961223921064,0.02724591421107684,0.02137976083886583,-0.0065761766826668636,-0.0037799660786671588,0.027290959526785896,-0.02177894164436102,-0.006371858744237137,-0.009474871295473229,0.016180011134956544,-0.0010201935766476554,-0.029067252969956582,-0.032743477172026386,0.04883126678968836,0.07436998439453868,0.05545958992402766,-0.005546402217958926,0.05226484681246392,-0.03641291381451976,0.03381077156608152,-0.038651135879985726,-0.0022369057602635357,-0.017066942179380675,0.005864724109394523,-0.0724613097966112,-0.05292595421027833,0.008499303693134015,-0.03955104735150721,-0.004563411792186191,-0.028946167686492445,0.017461068445314303,-0.00036739162618597363,0.02188556002674025,-0.05474760977852499,-0.017102143608770194,0.014514700388165387,-0.02766085332151426,-0.03432422188868586,0.027918729863586282,0.03143779733004695,0.011618505824293112,0.03517667799186259,0.05559830840789523,0.012529715337888403,0.018280656884438525,-0.040312759197591,0.020856709463179468,0.07969120145223234,0.041763009859258036,0.01217910284888982,-0.1073500693987621,-0.0006416152094724141,-0.06012117509278605,0.0076539509458268765,-0.009647928757876388,0.04638743568830037,0.012383043747654308,0.0001485952914170906,0.014240419405458442,-0.05417939589663192,-0.0014353344223392841,-0.014884415492649227,-0.052217250904116934,0.003944488107306874,0.02094237719128249,0.027833236761848023,0.03970553049624742,-0.011330738079818258,-0.037273060026353146,-0.008706068437484775,0.08123483280731476,0.022196185665694576,0.0666780975571266,0.02409193936027756,-0.024923948891746296,0.019973401238753206,-0.02805364857826901,-0.017191407685147854,0.005158111994854591,0.0028809664301119656,0.0028449313827592897,-0.0038480269591975418,-0.05269153162934714,-0.01719506091590245,0.0007839960892659242,0.03221344092769348,-0.0366580594524608,-0.021850481771603866,0.021979352765000095,-0.018892661075376883,0.06566590084972226,-0.006326718683151396,0.024796965065958302,0.05238170853227592,0.03873681962322198,0.03920313679503358,0.012024823158049334,-0.04758713301885492,-0.0262195064889916,0.026445445280355834,-0.02768952483749515,-0.03651271242581802,0.03669914811686297,-0.04332178309074808,0.0007889956068500474,0.008239017166421642,-0.029723088025059054,-0.01789621537492483,-0.0027371009591590904,-0.02233259022016354,0.015239118447597897,0.009095736434776666,-0.012713306620614243,0.004952371743388241,-0.008397648485104877,0.007656527289602167,-0.0067627146277057576,0.028353188992540652,-0.0374866118559949,-0.020317712725731088,-0.029051059816686507,-0.028351484583900022,0.014945997578860394,0.0035883411558564927,0.02524790113060267,-0.04184637600475734,2.996571412968406e-05,-0.010125060989491997,-0.0224910885913647,-0.03111932088348676,-0.008904200338396949,0.021750037972873938,-0.03327547342157407,-0.0005120347785031749,0.004532182189100118,-0.0379487430888316,-0.01806874167891381,-0.01351251428673494,-0.037966217442353976,0.056573077528386105,-0.022770331649446383,-0.017391149835678566,-0.027632154136957857,-0.023507380098591105,0.028463554201328404,0.03623054525094001,-0.0048957128607420245,-0.0364495165944176,0.0032983306565735394,-0.010806894694472354,-0.014083076468077216,1,0.96493369569307,1
0.061567008391322786,0.00794715180985059,-0.02360281378522045,-0.06272887918031426,-0.018806964237638092,-0.018882674233654077,-0.015703846845092368,-0.008004377818288042,-0.0643359918424115,-0.006691033293290323,-0.05969896638918604,0.023722721365673712,-0.041237478098991066,0.00014825070854030753,0.025307925783025997,-0.07498575385713595,0.041554332900918235,0.03376379807147401,0.008776350650117441,0.02036134046249019,-0.04965126144572299,0.0008015928838347933,0.0012345510479389067,-0.03193596631909821,0.008182725807945759,-0.09082373838735652,-0.07106375654009975,0.04497152654556406,-0.017872300238706784,-0.01466312513285146,-0.0225402005260077,0.0332443216651453,-0.06988319009912979,-0.005503012502438442,0.018459877771319837,0.023846979665592054,0.026979474990544663,-0.04074806142369262,0.048280388751935126,0.041515791739492505,0.02605316585343144,0.0229750983808816,0.007813827867992135,-0.0039372429208016525,0.008426969054051093,-0.0026850750320407697,-0.011724279053227055,-0.00024219240452989202,0.00713246432791851,-0.0012617961223921064,0.02724591421107684,0.02137976083886583,-0.0065761766826668636,-0.0037799660786671588,0.027290959526785896,-0.02177894164436102,-0.006371858744237137,-0.009474871295473229,0.016180011134956544,-0.0010201935766476554,-0.029067252969956582,-0.032743477172026386,0.04883126678968836,0.07436998439453868,0.05545958992402766,-0.005546402217958926,0.05226484681246392,-0.03641291381451976,0.03381077156608152,-0.038651135879985726,-0.0022369057602635357,-0.017066942179380675,0.005864724109394523,-0.0724613097966112,-0.05292595421027833,0.008499303693134015,-0.03955104735150721,-0.004563411792186191,-0.028946167686492445,0.017461068445314303,-0.00036739162618597363,0.02188556002674025,-0.05474760977852499,-0.017102143608770194,0.014514700388165387,-0.02766085332151426,-0.03432422188868586,0.027918729863586282,0.03143779733004695,0.011618505824293112,0.03517667799186259,0.05559830840789523,0.012529715337888403,0.018280656884438525,-0.040312759197591,0.020856709463179468,0.07969120145223234,0.041763009859258036,0.01217910284888982,-0.1073500693987621,-0.0006416152094724141,-0.06012117509278605,0.0076539509458268765,-0.009647928757876388,0.04638743568830037,0.012383043747654308,0.0001485952914170906,0.014240419405458442,-0.05417939589663192,-0.0014353344223392841,-0.014884415492649227,-0.052217250904116934,0.003944488107306874,0.02094237719128249,0.027833236761848023,0.03970553049624742,-0.011330738079818258,-0.037273060026353146,-0.008706068437484775,0.08123483280731476,0.022196185665694576,0.0666780975571266,0.02409193936027756,-0.024923948891746296,0.019973401238753206,-0.02805364857826901,-0.017191407685147854,0.005158111994854591,0.0028809664301119656,0.0028449313827592897,-0.0038480269591975418,-0.05269153162934714,-0.01719506091590245,0.0007839960892659242,0.03221344092769348,-0.0366580594524608,-0.021850481771603866,0.021979352765000095,-0.018892661075376883,0.06566590084972226,-0.006326718683151396,0.024796965065958302,0.05238170853227592,0.03873681962322198,0.03920313679503358,0.012024823158049334,-0.04758713301885492,-0.0262195064889916,0.026445445280355834,-0.02768952483749515,-0.03651271242581802,0.03669914811686297,-0.04332178309074808,0.0007889956068500474,0.008239017166421642,-0.029723088025059054,-0.01789621537492483,-0.0027371009591590904,-0.02233259022016354,0.015239118447597897,0.009095736434776666,-0.012713306620614243,0.004952371743388241,-0.008397648485104877,0.007656527289602167,-0.0067627146277057576,0.028353188992540652,-0.0374866118559949,-0.020317712725731088,-0.029051059816686507,-0.028351484583900022,0.014945997578860394,0.0035883411558564927,0.02524790113060267,-0.04184637600475734,2.996571412968406e-05,-0.010125060989491997,-0.0224910885913647,-0.03111932088348676,-0.008904200338396949,0.021750037972873938,-0.03327547342157407,-0.0005120347785031749,0.004532182189100118,-0.0379487430888316,-0.01806874167891381,-0.01351251428673494,-0.037966217442353976,0.056573077528386105,-0.022770331649446383,-0.017391149835678566,-0.027632154136957857,-0.023507380098591105,0.028463554201328404,0.03623054525094001,-0.0048957128607420245,-0.0364495165944176,0.0032983306565735394,-0.010806894694472354,-0.014083076468077216,1,0.96493369569307,1
0.0,0.0,0.0,0.0,0.0,0.0,0.0,0.0,0.0,0.0,0.0,0.0,0.0,0.0,0.0,0.0,0.0,0.0,0.0,0.0,0.0,0.0,0.0,0.0,0.0,0.0,0.0,0.0,0.0,0.0,0.0,0.0,0.0,0.0,0.0,0.0,0.0,0.0,0.0,0.0,0.0,0.0,0.0,0.0,0.0,0.0,0.0,0.0,0.0,0.0,0.0,0.0,0.0,0.0,0.0,0.0,0.0,0.0,0.0,0.0,0.0,0.0,0.0,0.0,0.0,0.0,0.0,0.0,0.0,0.0,0.0,0.0,0.0,0.0,0.0,0.0,0.0,0.0,0.0,0.0,0.0,0.0,0.0,0.0,0.0,0.0,0.0,0.0,0.0,0.0,0.0,0.0,0.0,0.0,0.0,0.0,0.0,0.0,0.0,0.0,0.0,0.0,0.0,0.0,0.0,0.0,0.0,0.0,0.0,0.0,0.0,0.0,0.0,0.0,0.0,0.0,0.0,0.0,0.0,0.0,0.0,0.0,0.0,0.0,0.0,0.0,0.0,0.0,0.0,0.0,0.0,0.0,0.0,0.0,0.0,0.0,0.0,0.0,0.0,0.0,0.0,0.0,0.0,0.0,0.0,0.0,0.0,0.0,0.0,0.0,0.0,0.0,0.0,0.0,0.0,0.0,0.0,0.0,0.0,0.0,0.0,0.0,0.0,0.0,0.0,0.0,0.0,0.0,0.0,0.0,0.0,0.0,0.0,0.0,0.0,0.0,0.0,0.0,0.0,0.0,0.0,0.0,0.0,0.0,0.0,0.0,0.0,0.0,0.0,0.0,0.0,0.0,0.0,0.0,0.0,0.0,0.0,0.0,0.0,0.0,1,0.5441432347480268,1
0.004197810735215912,0.0010420505547694954,-0.001090714232144193,-0.001268444396761224,-0.0025906121359391215,0.0002022683942621177,-0.000809166323706083,7.678758235465119e-05,0.00017619847138083456,0.0016568159943895384,0.003011055741695271,0.0001715466453867698,-0.001421045248462007,-0.0010658443964785547,-0.0011255273908565783,0.0009650197618706087,0.0026412931058049345,-0.0014198662906956456,-0.0012494367143876623,-0.0012980717594435376,0.0009164450241697043,-0.0018300524868475833,-0.0026850545497017642,0.0027168696769354446,-0.0024526466825006707,0.002046793692812262,0.002222053948477913,-0.002821514427347507,-0.0016832458242784574,0.002425923705039043,-0.004394847496331155,0.0006686961615204154,0.002045436090850849,-0.0017040945653664444,0.0010399059246220183,-0.0045389539302405565,0.0016158067592089611,0.0012159960236279325,-0.0016344772284585618,-0.0021799285259294647,0.0059066781538071956,-0.0005233872003240518,0.017753658411563757,0.001636553512495136,-0.0063032700869360145,-0.012029713387634264,-0.025938554397548618,0.02305995872295657,-0.004463204621973175,0.011055061183519848,0.008762623084414558,0.014148706466286692,0.0025686859247972984,0.00496098812747488,-0.0018775092099077681,0.0018165615646129766,-0.002524011399995287,0.0005795202123617149,-0.0019761831690920653,-0.005507627818264029,0.0037005269137887218,0.0027486536179794846,0.0027224134052570284,0.002616840577761955,-0.004153583339703075,0.002435642130654582,-0.0007119987541913332,0.008534092020373923,0.004283628596940648,-0.006744119726947005,0.004505180354381802,0.0019511578386720006,-0.0001738880740021968,-0.0020917361417537783,0.0022639587333096647,0.003996914976796004,0.0011989878076512526,-0.005266619760903572,0.0007202469891810742,-0.0017687552954160622,0.00366266839199048,0.0036266683848236786,-0.0008209547248125002,0.0016181248177717209,-0.006080109734550781,-0.0015443801982842646,0.0004179316066264551,0.0007391474924321259,0.001964233622542157,0.006039916877340402,-0.010870116552599254,-0.0019797621995728985,0.0020163007661746137,0.0016802494547902731,-0.002809191576702598,0.0015514445484299854,0.008288590940637688,-0.008100154711986406,-0.004249708134898067,-0.008554166615375227,-0.00286484876169667,-0.002823740934157322,0.006704910679319958,-0.0005357797753870891,-0.00567251581551746,0.005483603413006649,0.0005362284358642297,-0.00656603490720846,0.0005784494311076496,0.0029331209197003996,0.004036811936893656,-0.0027726057748821676,4.310932682602018e-05,-0.0010795835372397094,-0.00044263063587460325,0.000623287118810408,-0.009350266738208551,-0.002753033938796807,0.0023838610008998086,-0.00039905927413820785,-0.0014109640409996679,0.003333495285850038,0.005291301544396917,-0.0029946639019119265,-0.003802066885627824,0.0029862484173871686,0.0008435800675618291,0.00030292090813285703,-0.0011594415757457224,-0.0019405559413721708,0.0012943401924815072,0.0013972000098760205,0.001154384682922352,-0.006835858149044555,-0.0025791014156547635,-0.002639338490821018,0.005872715540344032,-0.0028971798623779257,0.004230111226574492,0.0039529749714385266,-0.0030268404101079062,0.0023884616799738586,0.0023564666943486365,4.70607154030387e-05,0.0013655826448945624,0.0019564592798715745,-0.004783933930566199,-0.004923095966464609,8.643144503081676e-05,-0.0024952830011802252,-0.0057597039237126425,-1.5424026192891816e-05,0.0017073542636900337,-0.006350261799032031,-0.004300129368737956,0.0001955992580664383,0.003533949758891957,0.00031752120189091753,0.0011982721957769014,0.007181915465724177,0.006670776409954487,-0.0005525230434547282,0.004223557078844908,-0.005804016522493131,0.006548272489376439,0.010016864531012378,-0.001363021258646407,-0.002122632424901671,0.0024320130888194546,0.010208843713202118,-0.005733600559695594,-0.0030730476078135774,0.0021637917898613868,0.0009439506268780862,0.0009784065586999771,0.014910900576961414,0.0008973514004637093,0.0073041028309211034,-0.002715107415422623,-0.019210864958602275,0.0033157203100279194,0.003964764812406805,0.002157738962328934,0.014277474756118071,-0.002085971482772757,-0.0018703173868261144,0.0072671113013708715,0.0014452537104107344,0.008392643912972937,-0.005362086593352317,0.00246782511489067,0.010245107253815644,0.007673656292910287,-0.0006304974768536545,0.0069366065737958725,-0.006984387534027443,-0.004945337816919228,-0.0058686582351619694,-0.0009487306274575356,-0.0018431461777065564,0,0.4775749835321252,1
0.03595699771349465,0.005640179646595571,-0.011852673588583051,-0.0083612750353028,-0.0045534833168713856,0.0017364745949621882,-0.007212395562693573,0.0069458536396502036,0.008440833618689478,0.007466186477540818,0.009089691082224873,0.003586762744498073,-0.010728340363176637,-0.0048858730788897955,-0.0006355604371981883,0.0020886929594702546,0.0015576479927435836,0.004347509799200726,0.0005943228326310628,0.018157384026237042,-0.011290331526707283,-0.02441366494219923,0.0029370834652767104,0.012978352129772205,-0.013704367690310148,-0.01614382776681567,0.01963130244166877,-0.023103353044993877,-0.012785175962372126,0.006581952311890553,-0.01698912403529757,-0.01000221961337726,-0.006161669454479963,-0.012091525252439245,0.013965235198574894,-0.023838867396566796,0.0006225794679079648,-0.0036235136469447986,-0.00021629791093429258,0.0017791542832157198,0.018220810615520368,-0.017866229530896865,0.09200579029001557,-1.822082622328688e-05,-0.03774532517944649,-0.037023611837460946,-0.11309025706740608,0.11517679030833529,-0.013364323104256094,0.06513373948853014,0.020010439377352064,0.03611204753769012,0.019540516051377278,0.025363491569558517,-0.011774722367108142,0.012691321375550197,-0.01998651771095522,0.008051636951719015,-0.003730957290667598,-0.00973840169067441,0.01504735985157144,0.034142542211811074,0.014562858627124966,-0.009826436709910848,-0.009363078355478184,0.0016101515423328934,-0.0024306589404885087,0.003341933507911472,0.011119566091972049,0.020024402087283562,-0.014089952361403549,-0.007553229038941322,0.004589566820173722,0.022616077298275073,0.0065130993917670525,-0.003454781481642023,0.023246185386492813,-0.002782295762567842,0.013828865454121248,0.01716340880598157,-0.015463032934401068,0.019059445719789316,0.0033107452983133223,0.008017383010497215,0.024618516196230282,-0.0024070026758153283,-0.020129542244323482,0.003512426904451802,0.006477632549178172,0.016363548151421527,0.02421288629488528,-0.005563822812575933,0.0001709167336041992,-0.017255030907374926,-0.028791112269808936,0.005421992646975564,-0.005310147730088217,0.0005688007460092889,0.013839935369294584,0.017135104617055568,0.0012040987307371822,-0.02186827595027781,0.043834143158588613,-0.0024559692636573734,0.004334644435073727,0.0254380678667771,0.01181387655385454,-0.016609310887610716,-0.006777944196118875,0.005415965221979807,0.023490110606213976,0.006249265427279545,-0.027732354527293303,-0.022180445684143183,0.031023056444877184,0.014805331154360366,-0.046030228717387385,0.03673891836107567,0.03663401631948606,0.04108014512593353,-0.007044931187415304,0.006050409969479447,-0.054275338023772844,-0.010961159264388716,0.04477161021282072,0.03123445665884049,-0.005463025485923872,0.04666261465593345,-0.029076291353236226,0.027293047714481197,0.013346888085805163,-0.007802632695061938,-0.03895252196235004,-0.06279228058862679,0.002685708293270344,-0.013131934526112079,0.02102024924963838,-0.0159096762090014,-0.04150234463893427,-0.02269989918881948,-0.05862806654051328,0.017743512249245634,0.023436343845068618,-0.021626014768536584,-0.03377700844233096,0.013014510372570912,0.05365970641040658,0.04032593152495116,0.005165410345112428,0.008935000312017162,0.01548205879666296,-0.009927204172442219,0.031425044274386506,0.009384943648765543,-0.010923403977415829,-0.03071907653603639,0.0033201632511751324,0.03487587400850453,-0.008527212562904597,0.029790535744087094,-0.015365699304374616,0.0026668957020074295,-0.0064065185310645005,0.02115338460084077,0.008679853017949001,-0.010841950224978147,-0.004010789961709076,0.002917114129896742,0.020983720646658544,-0.02497651969472988,0.029105144050866456,0.0018953725805328728,0.007654038722912003,-0.005696922705463548,0.043507827109303704,-0.020493794313127117,0.005733047150187262,-0.009607232177394063,-0.04305494512125893,-0.0036132840290861957,-0.013924158145050262,0.005653315282579835,0.02027056479638413,0.008513633375429977,0.01151978760870568,0.032614542365677186,-0.014588221077163071,-0.0003217828585909702,0.0160502648243081,6.798807367809894e-05,-0.011859446889486855,-0.005331144595258828,0.017583383291265176,-0.015998623544096285,0.004826581064417936,-0.0029408433083904194,-0.004512006563735498,-0.002455885847887144,0.004666657491431492,0.025029689264107445,1,0.6570473293324038,1
0.006118183636509298,-0.0012094013839476733,-0.003291667900418622,0.002642964723744412,-0.0016188331526028024,0.0009005603095703434,-0.0027559609789733685,-7.617647701039075e-06,0.00017671165735359508,0.0002678917169822876,-0.0004173734106438402,-0.0007604227215532626,0.00240762059476372,-0.0001969617907578088,-0.0032387185103542517,0.003629952875941632,8.063346754762393e-05,-0.004844189296351453,-0.0005048717647186626,-0.0034482556823825956,0.005703069421346827,0.005041058275612848,-0.0018503301894115646,0.0008109429676387871,4.129733569198791e-05,0.004225712548700318,-0.00020643868067302812,-0.0066806168578121385,-0.0013933617263224775,0.0013492791065850308,-0.003550228581887236,-0.00087665599803085,-0.00588613554679809,0.001673575705129673,-0.0030193600257611597,0.0025354466992586703,0.0033199863329167268,-0.004977841711286175,-0.007718396622670542,0.0008273523937130157,0.0058694895382471425,-0.0013452614571748183,0.0041976727590874756,-0.002757804946433815,-0.0014882532022153568,-0.00048371094301706866,-0.00265057266396427,-0.0027962884557482586,0.0011973756313401335,-0.0009379220858628035,-0.0024236556148010398,-0.001191998258020918,-0.00167871788657734,-0.00025485158637881264,-0.0009081824766150888,-0.004177002757995332,0.0011757057825179677,-0.00015982409391698523,-0.00044651496099467063,0.0024453620612209467,0.002451026340992178,-0.0045341716210467896,0.0021059660428558525,0.0024760249215974965,0.0020011975071062677,-0.0012882250049452305,0.003707882662587648,0.000373969886721321,0.001291708012310591,0.006899267331591274,8.590615051206675e-05,-0.005708016710854353,0.0016345610060123038,0.0016980484959106502,0.003486773856198171,0.0034786856722649868,0.0007092313211434837,0.002096298182167152,-0.0002916765496832899,0.0028872287524558168,-0.0012901244351232358,0.0043423242056225934,0.00011937148502776007,0.0008206246144626447,0.0033661722077299146,-0.00471721753406291,-0.0016770587285561533,5.712439688979737e-05,-0.002720992771796803,0.00045678708878796076,-0.002316392732083328,-0.0007093542825761846,-0.00028351340657149424,-0.0047837499509232875,0.0019750988405975783,0.0006674707706359991,0.003424102270737987,-0.0003170926845241017,-0.0006082871732827554,0.0014105349929162364,0.0006591584474305818,-0.004030055605518513,0.007543199517105791,0.0033139076676715565,-5.793074354874719e-06,0.0036345641828151847,0.002733945339508785,-0.0017606525242697753,0.002044473202624447,0.004462267340753445,-0.0015985133209331173,0.001361317652968772,-0.0018941734407830974,-0.0006424289275279323,-0.0036037587433735002,0.004854663343658278,-0.005118430468728382,-0.0004456097249014592,-0.003295304480207976,0.003694551782783166,-0.005129124008302041,0.0022277860933923393,0.0028393599042797844,0.0037307304957746043,-0.002509015991019747,0.0017014316987969834,-0.0006063413416634722,-8.906414559764432e-06,-0.005666953917586886,-0.001440039315925712,0.0009687077483027029,0.0009109057949872671,-0.004754383671248066,-0.005470281018322962,-0.010118354070687386,0.005199910947642411,0.008708549838616363,0.0010669582224002371,0.0045840964375315945,-0.00397922640972183,0.007690596691403056,0.00075539791507202,0.003000084032471289,-0.0045109208888654525,0.0026474341941264616,0.00427818280022315,-0.0009447327640362273,-0.0020532617163400045,0.00048161949220041993,0.0011001222924438827,-0.005821344528294809,0.004134584509341004,-0.004206726385690385,0.0018032742467967388,0.0033954450717311574,0.007445789207579049,0.00447543150596749,0.0019474974989747448,-0.0035914925706670812,0.007175073000046671,0.001822124662048215,-0.0005812048234086186,-0.0028950239298808954,-0.005498672786986272,-0.007231749917185158,0.008070859415636634,-0.0022247073158342193,0.00514404064507459,-0.009581957567000992,0.0034281223225985473,-0.005473612561577251,-0.0055641643394234355,-0.010254238614607208,0.002083660956635828,0.0001652443492796248,0.002460670061910587,-0.005232613729569713,-0.00574512338686193,-0.0011279921567469472,-0.00956606693169755,0.002066500537905136,0.005102679821167305,0.0014497827568530075,0.0047847875790269015,-0.0024062082642888026,0.0008071930300665995,-0.0009057112270104213,0.003462661815805469,-0.0013853297875180924,-0.006266941343426072,0.01261311520645571,-0.006558275592314195,0.00413212851191262,-0.007039962846415456,0.008262348864612816,0.0025335684070229105,0.0058251478587292155,-0.0020193793964069437,0.0029113710717935566,0.0018970038970915891,1,0.5587282970435153,1
0.013543775454401006,0.003294621529828581,-0.00015864140713466187,-0.0007096269301313494,-0.007349099951490726,0.0013660598922299245,-0.002736726350355245,-0.0014455271308392585,0.008025462188417605,0.0063099751845665086,0.006058435595720138,0.0009818848773815536,-0.006020229989164253,-0.00296102155885705,-0.0042131093145119595,0.00130567954422441,0.0030203974408951804,0.007033050021108717,0.0028941066140691345,0.008308886546863343,-0.0018715940536125765,-0.010492800862650099,-0.0017624918011054185,0.005775675398999586,-0.006563518966513093,-0.01483349350097411,0.012003303687197087,-0.013790844333002915,-0.007524716792932945,0.0073661788690028,-0.01075203406512445,-0.006558991726602481,-0.00018071175863374812,-0.008925534040659284,0.006834332152500149,-0.014341132984821339,-0.0010535734305889592,-0.003210410328595727,0.0013230572079880995,-0.0016510608036750165,0.015049219219563252,-0.012366927758504063,0.07315794026119679,0.002029528996311176,-0.036015414497281746,-0.02664076246440507,-0.09012850556485177,0.09712926891705378,-0.009149559667647106,0.05499825986329594,0.014837282466447645,0.03257108929841766,0.015545360274452573,0.020796568847548907,-0.005377290634035318,0.009963317912178738,-0.01792218769427778,0.006764794976995529,0.00053441743024985,-0.009161212082943841,0.006147597114062022,0.027615285127936002,0.015179126959166423,-0.006780654357772877,-0.006116653462776166,0.0007852715774691051,-0.0018493600819364667,0.0005786106372736022,0.015546378268502772,0.015907024815150477,-0.013395935121486553,-0.003931894558453219,0.0025538894330946874,0.020430932384176842,0.009505981667993886,0.0006355975808975344,0.014232387087017576,-0.002848341638190101,0.005246640884124045,0.01384706411991555,-0.011449088658179027,0.02102993181254463,0.006951732602935058,0.001900508383347668,0.024924884715551238,-0.0055735230270164094,-0.014896458471579497,-0.0014562429604061148,0.009105655720542435,0.015260321929395939,0.022937475047644682,-0.0059898417484130885,0.000851048429346143,-0.009921461751216075,-0.031162865662344594,0.004760447468867018,-0.005232376584577715,-0.002580257025848318,0.009007342432910079,0.019488301480334678,0.0029397190626142752,-0.018387083226317474,0.03953139071221957,-0.010497566935106842,0.00725447572763446,0.0176437610816483,0.008149030435797091,-0.013708774592486796,-0.0030343126177604634,-0.0008343221745815263,0.01917225026248612,0.0017331178479353668,-0.023409743374747268,-0.01880249177928024,0.02960685438593624,0.006561427498938038,-0.03797390450188641,0.03447408713884885,0.031265990315873356,0.03272200439042536,-0.007199880203473991,0.0032632896125012897,-0.04213904624687922,-0.007515904603083865,0.03789667290987732,0.021889518053176314,0.0015292915144789873,0.03658994199552058,-0.02784032625564542,0.013470590963508201,0.00892306644697071,-0.007714260618849432,-0.03150045518270532,-0.049215721872351195,-0.003023489289199685,-0.013877945421356157,0.023041853579779843,-0.010489541708175159,-0.03876903243337218,-0.02317736087119149,-0.05787603567726987,0.013473504862088797,0.011902182057587599,-0.017618499410984333,-0.030659709214724044,0.007370126437083774,0.05010990612102467,0.023800364235077285,0.0026021817655216876,0.010646922417799954,0.017283704654981892,-0.006092212620584978,0.026306832182239795,0.008848695027408626,-0.005672591896244722,-0.024486793287694868,0.005143883128063174,0.028299590252690823,0.000578077692615893,0.016521130517951538,-0.01001918461251695,0.004388164335866579,-0.00838702773259616,0.012301528603636105,0.004117475687740574,-0.008910022397619812,0.0022613812762341027,0.0006841104965228916,0.02251528282772812,-0.02215181622734064,0.021725341314520988,-0.0004886411293465159,0.001868260027110637,-0.01061741082961852,0.03776999853277181,-0.023098247326087847,0.0006188402168645905,-0.011304668813660153,-0.028814533695189888,-0.007642136203843406,-0.011380987059000935,-0.008655864495056526,0.013960084272725836,0.0019635730372055604,0.01369024523296519,0.022924281788429098,-0.00601343174311264,-0.00759506067220544,0.0174919075799312,0.002441715838862762,-0.011505074174766889,0.002776666735416513,0.013548228052983075,-0.013459170318364033,0.00629082105103315,-0.008387263922353788,-0.0021940433770972767,0.0006139410942434899,0.0047008498758193025,0.02027935662897362,1,0.667049858615476,1
0.06706996413517341,-0.00031778460187993846,-0.05194629050934684,0.00017372615647380952,-0.04058352633465314,0.0036448369997755716,-0.025052008522664922,-0.0010600955921828453,-0.05997752159889688,-0.04060468042800141,-0.01961626838839164,0.045160331186388056,-0.07001080883416602,-0.017754306424238336,0.004214969226635782,-0.018625795184216358,0.003365687066398202,0.023009510143419724,-0.015708921401558586,0.010289256009722468,-0.01296118530137767,-0.05229365680681414,0.09239654970581873,0.09557329798834863,-0.09102967889492666,-0.07532364369720024,0.015021574962670297,-0.04112826183183209,0.026974597861558397,-0.02601775410908871,-0.014259840337876892,0.037197119544618046,0.024942749246819815,0.0075013821324262705,-0.00426382795586357,-0.0491161923290398,0.054314450048146216,0.004065400911500837,0.0417928525824919,0.06508600664130292,-0.022487686219927333,-0.007409421565168028,0.026164484113845626,0.037042019491988674,-0.018158068760686985,-0.017896348997388227,-0.05605543459165951,-0.05588626131655758,-0.0032646762149746017,-0.03258432541418905,-0.013607292858792235,-0.05166346396581551,-0.15769922878884046,-0.06583500086980763,-0.03169949394597158,0.004463239390896125,-0.0768486077239579,0.04421289633057589,-0.008745519945615152,0.03011074968021733,0.02811361308723461,-0.012361056035474313,-0.06318980858773356,-0.035434730258728564,-0.025353713310448937,-0.031134773116180275,0.003188715222660556,0.0612346658729775,-0.029513685495609225,-0.00732769410141733,0.04592967140794035,-0.05651106442754883,-0.06469826128752207,0.014130474281811065,-0.013625740533188768,-0.031275492263788326,0.05264346780361975,0.03839883667442691,0.032364510959206755,0.05008430034762998,-0.012943153608579066,-0.0777161111524682,-0.010764031276582358,-0.0031436662715077293,-0.030917434024702976,0.025662872258279498,-0.0017750468141226293,-0.0182987053318084,0.01115362268904918,0.004686048800589879,-0.007594837327070246,-0.028944307581502852,0.0444520185023416,-0.039399798673133216,-0.017781298797742744,-0.027001135155388323,-0.02235736268638711,0.014095431552156926,0.022764812352397742,-0.032041757275571583,0.07155110292139916,0.0038590364583839065,0.08341622676450587,0.01942690656802111,-0.023824983845692843,0.0026163604993246206,0.005656905063535696,0.0005139254346843373,0.007953859688555782,0.026459097248709634,-0.031231232237347792,0.05365622199395811,0.010133746459300947,0.008461403863983523,-0.007822630942545776,0.011570842370455574,0.015396931412972992,0.008221919581295551,-0.042953750701752114,-0.016496298060758145,-0.027283549046787293,0.016162326060593993,-0.01459946258814263,0.059816100251527546,0.01767660355015116,-0.0019799106784476822,-0.00294440228055624,-0.027121718425022492,-0.004768289163829657,0.013745214302582184,0.039024030398796525,-0.01793676770877572,0.0007389026942908813,-0.011399976293602364,0.0432136132634202,-0.027760444331816556,-0.024367408412556878,0.038679572649444355,0.01850834369202885,0.0061856838842792045,-0.00583285982068166,-0.034169799138722506,0.016824479458060447,-0.007340965328687906,0.02987737009994061,-0.024516545792793658,0.031130487201669513,0.024844381387058544,-0.002770621763345736,-0.012722424398936106,0.01510463066751058,-0.022248244234209603,-0.021145995278327633,0.027241221290478394,-0.028906063133860613,-0.01671309236299774,-0.026226895377077356,-0.029638381331265333,0.0007090134552363882,0.001988611418548101,-0.016502927357296776,0.02589701618326082,0.014408552353340572,-0.005060717521552908,-0.024131271316400516,-0.03961873860769249,-0.0011166141115379648,-0.011209256412494243,-0.010005250304063676,-0.036991772180235756,0.03278768109479864,-0.014007290627501688,-0.007907657381595923,-0.00639639200554705,0.026619094545472025,-0.042774615783397515,-0.023917410615017676,0.03465356818795681,-0.010875817837071759,-0.01880051824301491,0.02929130329138719,-0.0028648527215058093,0.0530368106353093,-0.020304573993480925,-0.029749362945577725,0.04020878676516723,-0.0016404481727497321,0.019756421758023862,0.02535863339310901,-0.07212947442366517,0.004829377368666296,0.11407854951891438,-0.027467256395371467,-0.020100328812723684,0.0009562618542601833,-0.008179025879817241,-0.017511126215782408,-0.01400609993606363,0.04215800951595815,0.020756806422427495,1,0.9837827701362386,0
0.0210701901890542,0.007371931695660162,-0.004332049966171245,-0.006320087676212788,-0.014608486218722476,0.0016372393974242914,-0.001850312482199774,-0.004676499730546948,0.016911045534306886,-0.0049675959107513615,0.01190838953739259,0.005467895693408015,-0.00781279561256169,0.0012882615491887006,-0.0024282745870058287,0.00997275860224275,-0.003048014967158727,0.0076289023618209256,0.008795268328228342,0.005939646509003476,0.0021023688959493922,-0.013797232206953284,0.0018403121692522769,0.01588802113354171,-0.016682826212910205,-0.013887527544671706,0.008352050352777786,-0.013984541095322076,-0.010459181087473603,0.009909371987962653,-0.014471198644299443,-0.006232528143581339,0.0034265460028717128,-0.014218259502975042,0.011799043373656925,-0.018356238026236434,0.01018931701631745,-0.005449448829704771,0.007130364778772857,-0.005964831645867682,0.01516259628817891,-0.015665528703474117,0.09292472643741669,-0.0006277386029424131,-0.04408707732310776,-0.02807624402648024,-0.10234480966271986,0.11200624542303479,-0.008110859860312486,0.0644811574647472,0.021490194535086944,0.038093266897409175,0.019308806496010477,0.022470032217203458,0.002705757280630358,0.007369044820535647,-0.02071220796559762,0.015295586193718055,-0.006824327474642749,-0.006430346007778059,0.01727364679628165,0.03236022274809892,0.018111759067513895,-0.009705322862511254,-0.007267969529206245,-0.003375556162126269,0.0035119543954002562,-0.015304926640165624,0.025674425249415274,0.025322352400839444,-0.020814724381179234,-0.013597005723420607,0.021206647510175102,0.022694647931088496,0.004608081430763183,0.003418798639509182,0.0061275576788041,0.00011073580716388406,0.009742042620871893,0.014868527504777622,-0.022576232407837987,0.025754238865799646,0.015428743798612312,0.004962287917257771,0.023239170278230033,-0.011357185217496107,-0.029590678145680057,0.011089115933033598,0.015103773277283706,0.029136103578533353,0.024645050929711226,-0.012608325694254097,-0.0051397725242372065,-0.010283370272486964,-0.05826687032400698,-0.005136324333095742,-0.013589368575781564,0.016105974568411847,0.021491973833218433,0.030072377229765163,-0.003875162934976263,-0.03597615838955309,0.05120671217763946,-0.013978327484772157,0.021385824402307445,0.020388750133248087,0.01139996365542064,-0.02317246396350396,-0.002401729499404316,0.001776289740584515,0.04365293846813682,-0.014781030966557196,-0.047757574347402666,-0.026934366217850763,0.03326027511209501,0.029079859903643528,-0.054528578019992946,0.05867393157581014,0.04064459578378928,0.04987842119419276,-0.0010422391373141931,0.010205704620913102,-0.09052587117360841,-0.024186498696070542,0.06663429774404359,0.059210579042516295,0.003856767393933811,0.05730576551843937,-0.05098792777870715,0.0400668786729386,0.004697815628262407,0.00395342775604846,-0.044152287374784105,-0.09320438396688899,0.002253316251682781,-0.029892748519655614,0.04306432124857999,-0.009331414360098073,-0.061019193179766604,-0.031852409184713285,-0.09461394259198522,0.01840105939391734,0.027325702455086903,-0.03825426445027446,-0.05786672960233373,0.007610397106535652,0.09596220937625563,0.04655979208189227,-0.009282111701155737,0.01966954033364835,0.028019271213641634,0.003119914289494871,0.033782774256452694,0.011157833332072327,0.0013766388350847886,-0.028307362597477192,-0.0011545828224561595,0.04936828044807473,-0.0007576471384072336,0.04941871275126452,-0.02049125570698975,-0.014068292687885101,-0.03116998939379351,0.03898251335158224,0.009282004425879163,-0.018080609768889894,-0.004373762323788617,0.005739904835963291,0.030580834227574936,-0.042497968404275305,0.04098080079077042,0.013046824147595127,0.0132396939765936,-0.029799806482998008,0.06587664665715752,-0.04115421944402891,-0.0027274699196738576,-0.0031985070419203268,-0.08658352964100852,-0.007725386850812765,-0.0148106959203658,0.022523056494688914,0.025217956132999465,0.03740934586111008,0.015737821066535786,0.0682428551894152,-0.02976879164228912,0.010068252390423024,0.03357412184624448,-0.01985706663636755,-0.02956114741523988,-0.004837923869363536,0.04274153245306052,-0.020477138130531616,0.013020458754761545,-0.01325693977717916,-0.0273106826418391,-0.0041115175869305765,0.008782454889447342,0.027960529854225504,0,0.4447402581536926,0
0.0210701901890542,0.007371931695660162,-0.004332049966171245,-0.006320087676212788,-0.014608486218722476,0.0016372393974242914,-0.001850312482199774,-0.004676499730546948,0.016911045534306886,-0.0049675959107513615,0.01190838953739259,0.005467895693408015,-0.00781279561256169,0.0012882615491887006,-0.0024282745870058287,0.00997275860224275,-0.003048014967158727,0.0076289023618209256,0.008795268328228342,0.005939646509003476,0.0021023688959493922,-0.013797232206953284,0.0018403121692522769,0.01588802113354171,-0.016682826212910205,-0.013887527544671706,0.008352050352777786,-0.013984541095322076,-0.010459181087473603,0.009909371987962653,-0.014471198644299443,-0.006232528143581339,0.0034265460028717128,-0.014218259502975042,0.011799043373656925,-0.018356238026236434,0.01018931701631745,-0.005449448829704771,0.007130364778772857,-0.005964831645867682,0.01516259628817891,-0.015665528703474117,0.09292472643741669,-0.0006277386029424131,-0.04408707732310776,-0.02807624402648024,-0.10234480966271986,0.11200624542303479,-0.008110859860312486,0.0644811574647472,0.021490194535086944,0.038093266897409175,0.019308806496010477,0.022470032217203458,0.002705757280630358,0.007369044820535647,-0.02071220796559762,0.015295586193718055,-0.006824327474642749,-0.006430346007778059,0.01727364679628165,0.03236022274809892,0.018111759067513895,-0.009705322862511254,-0.007267969529206245,-0.003375556162126269,0.0035119543954002562,-0.015304926640165624,0.025674425249415274,0.025322352400839444,-0.020814724381179234,-0.013597005723420607,0.021206647510175102,0.022694647931088496,0.004608081430763183,0.003418798639509182,0.0061275576788041,0.00011073580716388406,0.009742042620871893,0.014868527504777622,-0.022576232407837987,0.025754238865799646,0.015428743798612312,0.004962287917257771,0.023239170278230033,-0.011357185217496107,-0.029590678145680057,0.011089115933033598,0.015103773277283706,0.029136103578533353,0.024645050929711226,-0.012608325694254097,-0.0051397725242372065,-0.010283370272486964,-0.05826687032400698,-0.005136324333095742,-0.013589368575781564,0.016105974568411847,0.021491973833218433,0.030072377229765163,-0.003875162934976263,-0.03597615838955309,0.05120671217763946,-0.013978327484772157,0.021385824402307445,0.020388750133248087,0.01139996365542064,-0.02317246396350396,-0.002401729499404316,0.001776289740584515,0.04365293846813682,-0.014781030966557196,-0.047757574347402666,-0.026934366217850763,0.03326027511209501,0.029079859903643528,-0.054528578019992946,0.05867393157581014,0.04064459578378928,0.04987842119419276,-0.0010422391373141931,0.010205704620913102,-0.09052587117360841,-0.024186498696070542,0.06663429774404359,0.059210579042516295,0.003856767393933811,0.05730576551843937,-0.05098792777870715,0.0400668786729386,0.004697815628262407,0.00395342775604846,-0.044152287374784105,-0.09320438396688899,0.002253316251682781,-0.029892748519655614,0.04306432124857999,-0.009331414360098073,-0.061019193179766604,-0.031852409184713285,-0.09461394259198522,0.01840105939391734,0.027325702455086903,-0.03825426445027446,-0.05786672960233373,0.007610397106535652,0.09596220937625563,0.04655979208189227,-0.009282111701155737,0.01966954033364835,0.028019271213641634,0.003119914289494871,0.033782774256452694,0.011157833332072327,0.0013766388350847886,-0.028307362597477192,-0.0011545828224561595,0.04936828044807473,-0.0007576471384072336,0.04941871275126452,-0.02049125570698975,-0.014068292687885101,-0.03116998939379351,0.03898251335158224,0.009282004425879163,-0.018080609768889894,-0.004373762323788617,0.005739904835963291,0.030580834227574936,-0.042497968404275305,0.04098080079077042,0.013046824147595127,0.0132396939765936,-0.029799806482998008,0.06587664665715752,-0.04115421944402891,-0.0027274699196738576,-0.0031985070419203268,-0.08658352964100852,-0.007725386850812765,-0.0148106959203658,0.022523056494688914,0.025217956132999465,0.03740934586111008,0.015737821066535786,0.0682428551894152,-0.02976879164228912,0.010068252390423024,0.03357412184624448,-0.01985706663636755,-0.02956114741523988,-0.004837923869363536,0.04274153245306052,-0.020477138130531616,0.013020458754761545,-0.01325693977717916,-0.0273106826418391,-0.0041115175869305765,0.008782454889447342,0.027960529854225504,0,0.4447402581536926,0
0.0210701901890542,0.007371931695660162,-0.004332049966171245,-0.006320087676212788,-0.014608486218722476,0.0016372393974242914,-0.001850312482199774,-0.004676499730546948,0.016911045534306886,-0.0049675959107513615,0.01190838953739259,0.005467895693408015,-0.00781279561256169,0.0012882615491887006,-0.0024282745870058287,0.00997275860224275,-0.003048014967158727,0.0076289023618209256,0.008795268328228342,0.005939646509003476,0.0021023688959493922,-0.013797232206953284,0.0018403121692522769,0.01588802113354171,-0.016682826212910205,-0.013887527544671706,0.008352050352777786,-0.013984541095322076,-0.010459181087473603,0.009909371987962653,-0.014471198644299443,-0.006232528143581339,0.0034265460028717128,-0.014218259502975042,0.011799043373656925,-0.018356238026236434,0.01018931701631745,-0.005449448829704771,0.007130364778772857,-0.005964831645867682,0.01516259628817891,-0.015665528703474117,0.09292472643741669,-0.0006277386029424131,-0.04408707732310776,-0.02807624402648024,-0.10234480966271986,0.11200624542303479,-0.008110859860312486,0.0644811574647472,0.021490194535086944,0.038093266897409175,0.019308806496010477,0.022470032217203458,0.002705757280630358,0.007369044820535647,-0.02071220796559762,0.015295586193718055,-0.006824327474642749,-0.006430346007778059,0.01727364679628165,0.03236022274809892,0.018111759067513895,-0.009705322862511254,-0.007267969529206245,-0.003375556162126269,0.0035119543954002562,-0.015304926640165624,0.025674425249415274,0.025322352400839444,-0.020814724381179234,-0.013597005723420607,0.021206647510175102,0.022694647931088496,0.004608081430763183,0.003418798639509182,0.0061275576788041,0.00011073580716388406,0.009742042620871893,0.014868527504777622,-0.022576232407837987,0.025754238865799646,0.015428743798612312,0.004962287917257771,0.023239170278230033,-0.011357185217496107,-0.029590678145680057,0.011089115933033598,0.015103773277283706,0.029136103578533353,0.024645050929711226,-0.012608325694254097,-0.0051397725242372065,-0.010283370272486964,-0.05826687032400698,-0.005136324333095742,-0.013589368575781564,0.016105974568411847,0.021491973833218433,0.030072377229765163,-0.003875162934976263,-0.03597615838955309,0.05120671217763946,-0.013978327484772157,0.021385824402307445,0.020388750133248087,0.01139996365542064,-0.02317246396350396,-0.002401729499404316,0.001776289740584515,0.04365293846813682,-0.014781030966557196,-0.047757574347402666,-0.026934366217850763,0.03326027511209501,0.029079859903643528,-0.054528578019992946,0.05867393157581014,0.04064459578378928,0.04987842119419276,-0.0010422391373141931,0.010205704620913102,-0.09052587117360841,-0.024186498696070542,0.06663429774404359,0.059210579042516295,0.003856767393933811,0.05730576551843937,-0.05098792777870715,0.0400668786729386,0.004697815628262407,0.00395342775604846,-0.044152287374784105,-0.09320438396688899,0.002253316251682781,-0.029892748519655614,0.04306432124857999,-0.009331414360098073,-0.061019193179766604,-0.031852409184713285,-0.09461394259198522,0.01840105939391734,0.027325702455086903,-0.03825426445027446,-0.05786672960233373,0.007610397106535652,0.09596220937625563,0.04655979208189227,-0.009282111701155737,0.01966954033364835,0.028019271213641634,0.003119914289494871,0.033782774256452694,0.011157833332072327,0.0013766388350847886,-0.028307362597477192,-0.0011545828224561595,0.04936828044807473,-0.0007576471384072336,0.04941871275126452,-0.02049125570698975,-0.014068292687885101,-0.03116998939379351,0.03898251335158224,0.009282004425879163,-0.018080609768889894,-0.004373762323788617,0.005739904835963291,0.030580834227574936,-0.042497968404275305,0.04098080079077042,0.013046824147595127,0.0132396939765936,-0.029799806482998008,0.06587664665715752,-0.04115421944402891,-0.0027274699196738576,-0.0031985070419203268,-0.08658352964100852,-0.007725386850812765,-0.0148106959203658,0.022523056494688914,0.025217956132999465,0.03740934586111008,0.015737821066535786,0.0682428551894152,-0.02976879164228912,0.010068252390423024,0.03357412184624448,-0.01985706663636755,-0.02956114741523988,-0.004837923869363536,0.04274153245306052,-0.020477138130531616,0.013020458754761545,-0.01325693977717916,-0.0273106826418391,-0.0041115175869305765,0.008782454889447342,0.027960529854225504,0,0.4447402581536926,0
0.0210701901890542,0.007371931695660162,-0.004332049966171245,-0.006320087676212788,-0.014608486218722476,0.0016372393974242914,-0.001850312482199774,-0.004676499730546948,0.016911045534306886,-0.0049675959107513615,0.01190838953739259,0.005467895693408015,-0.00781279561256169,0.0012882615491887006,-0.0024282745870058287,0.00997275860224275,-0.003048014967158727,0.0076289023618209256,0.008795268328228342,0.005939646509003476,0.0021023688959493922,-0.013797232206953284,0.0018403121692522769,0.01588802113354171,-0.016682826212910205,-0.013887527544671706,0.008352050352777786,-0.013984541095322076,-0.010459181087473603,0.009909371987962653,-0.014471198644299443,-0.006232528143581339,0.0034265460028717128,-0.014218259502975042,0.011799043373656925,-0.018356238026236434,0.01018931701631745,-0.005449448829704771,0.007130364778772857,-0.005964831645867682,0.01516259628817891,-0.015665528703474117,0.09292472643741669,-0.0006277386029424131,-0.04408707732310776,-0.02807624402648024,-0.10234480966271986,0.11200624542303479,-0.008110859860312486,0.0644811574647472,0.021490194535086944,0.038093266897409175,0.019308806496010477,0.022470032217203458,0.002705757280630358,0.007369044820535647,-0.02071220796559762,0.015295586193718055,-0.006824327474642749,-0.006430346007778059,0.01727364679628165,0.03236022274809892,0.018111759067513895,-0.009705322862511254,-0.007267969529206245,-0.003375556162126269,0.0035119543954002562,-0.015304926640165624,0.025674425249415274,0.025322352400839444,-0.020814724381179234,-0.013597005723420607,0.021206647510175102,0.022694647931088496,0.004608081430763183,0.003418798639509182,0.0061275576788041,0.00011073580716388406,0.009742042620871893,0.014868527504777622,-0.022576232407837987,0.025754238865799646,0.015428743798612312,0.004962287917257771,0.023239170278230033,-0.011357185217496107,-0.029590678145680057,0.011089115933033598,0.015103773277283706,0.029136103578533353,0.024645050929711226,-0.012608325694254097,-0.0051397725242372065,-0.010283370272486964,-0.05826687032400698,-0.005136324333095742,-0.013589368575781564,0.016105974568411847,0.021491973833218433,0.030072377229765163,-0.003875162934976263,-0.03597615838955309,0.05120671217763946,-0.013978327484772157,0.021385824402307445,0.020388750133248087,0.01139996365542064,-0.02317246396350396,-0.002401729499404316,0.001776289740584515,0.04365293846813682,-0.014781030966557196,-0.047757574347402666,-0.026934366217850763,0.03326027511209501,0.029079859903643528,-0.054528578019992946,0.05867393157581014,0.04064459578378928,0.04987842119419276,-0.0010422391373141931,0.010205704620913102,-0.09052587117360841,-0.024186498696070542,0.06663429774404359,0.059210579042516295,0.003856767393933811,0.05730576551843937,-0.05098792777870715,0.0400668786729386,0.004697815628262407,0.00395342775604846,-0.044152287374784105,-0.09320438396688899,0.002253316251682781,-0.029892748519655614,0.04306432124857999,-0.009331414360098073,-0.061019193179766604,-0.031852409184713285,-0.09461394259198522,0.01840105939391734,0.027325702455086903,-0.03825426445027446,-0.05786672960233373,0.007610397106535652,0.09596220937625563,0.04655979208189227,-0.009282111701155737,0.01966954033364835,0.028019271213641634,0.003119914289494871,0.033782774256452694,0.011157833332072327,0.0013766388350847886,-0.028307362597477192,-0.0011545828224561595,0.04936828044807473,-0.0007576471384072336,0.04941871275126452,-0.02049125570698975,-0.014068292687885101,-0.03116998939379351,0.03898251335158224,0.009282004425879163,-0.018080609768889894,-0.004373762323788617,0.005739904835963291,0.030580834227574936,-0.042497968404275305,0.04098080079077042,0.013046824147595127,0.0132396939765936,-0.029799806482998008,0.06587664665715752,-0.04115421944402891,-0.0027274699196738576,-0.0031985070419203268,-0.08658352964100852,-0.007725386850812765,-0.0148106959203658,0.022523056494688914,0.025217956132999465,0.03740934586111008,0.015737821066535786,0.0682428551894152,-0.02976879164228912,0.010068252390423024,0.03357412184624448,-0.01985706663636755,-0.02956114741523988,-0.004837923869363536,0.04274153245306052,-0.020477138130531616,0.013020458754761545,-0.01325693977717916,-0.0273106826418391,-0.0041115175869305765,0.008782454889447342,0.027960529854225504,0,0.4447402581536926,0
